"","gen1","gen2","gen3","gen4","gen5","gen6","gen7","gen8","gen9","gen10","gen11","gen12","gen13","gen14","gen15","gen16","gen17","gen18","gen19","gen20","gen21","gen22","gen23","gen24","gen25","gen26","gen27","gen28","gen29","gen30","gen31","gen32","gen33","gen34","gen35","gen36","gen37","gen38","gen39","gen40","gen41","gen42","gen43","gen44","gen45","gen46","gen47","gen48","gen49","gen50","gen51","gen52","gen53","gen54","gen55","gen56","gen57","gen58","gen59","gen60","gen61","gen62","gen63","gen64","gen65","gen66","gen67","gen68","gen69","gen70","gen71","gen72","gen73","gen74","gen75","gen76","gen77","gen78","gen79","gen80","gen81","gen82","gen83","gen84","gen85","gen86","gen87","gen88","gen89","gen90","gen91","gen92","gen93","gen94","gen95","gen96","gen97","gen98","gen99","gen100"
"rep1",8.4631605,8.486798,8.4915255,8.4858525,8.535964,8.5274545,8.558656,8.596476,8.675898,8.747756,8.8753985,8.984131,9.050316,9.0871905,9.146757,9.1949775,9.2384705,9.282909,9.3160015,9.3405845,9.3689495,9.390696,9.4067695,9.3992055,9.434189,9.4483715,9.462554,9.451208,9.4275705,9.449317,9.4824095,9.4786275,9.489028,9.4937555,9.515502,9.555213,9.570341,9.5788505,9.570341,9.572232,9.577905,9.577905,9.591142,9.5977605,9.608161,9.6072155,9.615725,9.617616,9.621398,9.62518,9.628962,9.632744,9.6336895,9.6412535,9.6412535,9.6412535,9.634635,9.6431445,9.6431445,9.647872,9.645981,9.6469265,9.64409,9.6393625,9.6393625,9.640308,9.6393625,9.6412535,9.632744,9.6223435,9.6147795,9.6185615,9.6299075,9.634635,9.6412535,9.6469265,9.6450355,9.6431445,9.6431445,9.636526,9.6393625,9.640308,9.653545,9.6525995,9.645981,9.6450355,9.64409,9.649763,9.6469265,9.6450355,9.6488175,9.647872,9.6469265,9.651654,9.6525995,9.645981,9.64409,9.6488175,9.6525995,9.649763
"rep2",8.4801795,8.484907,8.4915255,8.492471,8.496253,8.424395,8.518945,8.520836,8.655097,8.662661,8.734519,8.8205595,8.919837,9.0115505,9.0890815,9.1269015,9.1571575,9.195923,9.2384705,9.243198,9.2630535,9.269672,9.2989825,9.3349115,9.3519305,9.373677,9.415279,9.415279,9.428516,9.415279,9.456881,9.437971,9.424734,9.439862,9.4805185,9.5126655,9.5372485,9.5353575,9.5523765,9.5504855,9.5391395,9.534412,9.543867,9.528739,9.5296845,9.5315755,9.5296845,9.5240115,9.534412,9.5334665,9.555213,9.538194,9.553322,9.5523765,9.5599405,9.5618315,9.56845,9.564668,9.576014,9.596815,9.5977605,9.596815,9.596815,9.5977605,9.5883055,9.60627,9.617616,9.6128885,9.619507,9.6147795,9.6128885,9.619507,9.6280165,9.627071,9.638417,9.6355805,9.6355805,9.627071,9.634635,9.640308,9.632744,9.634635,9.6393625,9.6317985,9.628962,9.623289,9.6223435,9.6128885,9.610052,9.600597,9.5901965,9.5826325,9.577905,9.576014,9.5731775,9.5675045,9.5750685,9.5901965,9.5977605,9.604379
"rep3",8.4915255,8.4801795,8.4801795,8.4745065,8.5047625,8.4726155,8.5179995,8.5652745,8.6049855,8.624841,8.706154,8.821505,8.942529,8.991695,9.0626075,9.1287925,9.2006505,9.2346885,9.262108,9.3122195,9.324511,9.345312,9.36044,9.385023,9.4143335,9.4445895,9.447426,9.4275705,9.4313525,9.428516,9.422843,9.4067695,9.428516,9.443644,9.470118,9.4880825,9.513611,9.51172,9.536303,9.5353575,9.541976,9.5315755,9.521175,9.543867,9.536303,9.5240115,9.536303,9.526848,9.5429215,9.54954,9.5315755,9.5504855,9.5485945,9.541976,9.5523765,9.589251,9.593033,9.6034335,9.598706,9.6053245,9.5996515,9.6091065,9.6147795,9.613834,9.6223435,9.6280165,9.6280165,9.623289,9.632744,9.630853,9.6317985,9.6336895,9.6374715,9.64409,9.642199,9.64409,9.645981,9.640308,9.636526,9.6374715,9.630853,9.6317985,9.6393625,9.640308,9.645981,9.6469265,9.640308,9.6355805,9.632744,9.6280165,9.632744,9.6393625,9.634635,9.6412535,9.6469265,9.636526,9.6450355,9.655436,9.6544905,9.649763
"rep4",8.4820705,8.4953075,8.467888,8.5009805,8.5482555,8.588912,8.6579335,8.7543745,8.832851,8.9170005,9.0191145,9.0455885,9.1117735,9.182686,9.2233425,9.262108,9.290473,9.3065465,9.3765135,9.3670585,9.4010965,9.4521535,9.460663,9.439862,9.4729545,9.4748455,9.49281,9.5145565,9.532521,9.532521,9.541976,9.5353575,9.5429215,9.5448125,9.545758,9.564668,9.5467035,9.551431,9.5485945,9.545758,9.5467035,9.551431,9.534412,9.536303,9.5353575,9.545758,9.5429215,9.54954,9.528739,9.5126655,9.5353575,9.553322,9.5656135,9.5542675,9.574123,9.5788505,9.5788505,9.5769595,9.58736,9.572232,9.564668,9.555213,9.570341,9.576014,9.5580495,9.538194,9.541976,9.5561585,9.560886,9.553322,9.558995,9.5580495,9.5656135,9.574123,9.576014,9.5883055,9.593033,9.591142,9.5864145,9.5750685,9.5675045,9.5769595,9.570341,9.564668,9.564668,9.5769595,9.5788505,9.5769595,9.5788505,9.566559,9.572232,9.5788505,9.58736,9.56845,9.58736,9.581687,9.591142,9.591142,9.5920875,9.5939785
"rep5",8.4896345,8.464106,8.511381,8.4915255,8.5123265,8.513272,8.5009805,8.5047625,8.484907,8.54731,8.552983,8.6201135,8.658879,8.7222275,8.7846305,8.859325,8.9945315,9.0512615,9.1533755,9.188359,9.24698,9.290473,9.315056,9.3330205,9.3727315,9.371786,9.4048785,9.396369,9.420952,9.439862,9.4521535,9.487137,9.500374,9.507938,9.5126655,9.540085,9.543867,9.5523765,9.5656135,9.5750685,9.5845235,9.5864145,9.593033,9.5920875,9.598706,9.5920875,9.598706,9.600597,9.602488,9.6053245,9.5977605,9.6128885,9.610052,9.6166705,9.615725,9.6147795,9.610052,9.6166705,9.6242345,9.6166705,9.6280165,9.6185615,9.619507,9.630853,9.634635,9.638417,9.6412535,9.6488175,9.6507085,9.655436,9.657327,9.6563815,9.649763,9.6393625,9.640308,9.6431445,9.642199,9.6431445,9.64409,9.640308,9.642199,9.6450355,9.6412535,9.64409,9.647872,9.6488175,9.6544905,9.655436,9.6582725,9.661109,9.663,9.663,9.663,9.663,9.663,9.663,9.663,9.663,9.663,9.663
"rep6",8.483016,8.5293455,8.4877435,8.541637,8.5217815,8.498144,8.454651,8.530291,8.5596015,8.573784,8.6560425,8.742083,8.815832,8.934965,9.0361335,9.071117,9.1193375,9.1855225,9.237525,9.296146,9.333966,9.356658,9.4067695,9.445535,9.4748455,9.489028,9.4805185,9.504156,9.51172,9.5259025,9.526848,9.545758,9.5259025,9.540085,9.555213,9.591142,9.5958695,9.594924,9.6147795,9.627071,9.6317985,9.627071,9.628962,9.6355805,9.64409,9.6393625,9.642199,9.638417,9.6412535,9.6431445,9.649763,9.647872,9.642199,9.6469265,9.651654,9.651654,9.651654,9.653545,9.653545,9.6507085,9.645981,9.647872,9.6469265,9.64409,9.640308,9.630853,9.632744,9.6261255,9.634635,9.632744,9.630853,9.6261255,9.6053245,9.6147795,9.608161,9.611943,9.62518,9.628962,9.6261255,9.6280165,9.6317985,9.632744,9.6431445,9.6412535,9.645981,9.6469265,9.6488175,9.647872,9.649763,9.6507085,9.651654,9.649763,9.649763,9.659218,9.659218,9.6582725,9.655436,9.6563815,9.651654,9.6507085
"rep7",8.477343,8.4990895,8.5217815,8.515163,8.505708,8.501926,8.552983,8.571893,8.6030945,8.689135,8.787467,8.9066,8.9472565,9.016278,9.1344655,9.2195605,9.2460345,9.288582,9.3368025,9.3765135,9.4086605,9.4143335,9.386914,9.3916415,9.3973145,9.4370255,9.43608,9.449317,9.441753,9.4313525,9.458772,9.468227,9.477682,9.4729545,9.4880825,9.523066,9.526848,9.534412,9.53063,9.536303,9.528739,9.5372485,9.541976,9.553322,9.5580495,9.5523765,9.5542675,9.557104,9.5599405,9.5788505,9.5769595,9.576014,9.5731775,9.577905,9.5901965,9.5883055,9.593033,9.5958695,9.6015425,9.600597,9.608161,9.60627,9.613834,9.6091065,9.610052,9.6147795,9.619507,9.6091065,9.6109975,9.598706,9.596815,9.596815,9.5920875,9.593033,9.5901965,9.591142,9.6053245,9.619507,9.619507,9.6147795,9.634635,9.6280165,9.6336895,9.64409,9.647872,9.6450355,9.6488175,9.6507085,9.6563815,9.655436,9.651654,9.649763,9.6507085,9.6525995,9.651654,9.6450355,9.653545,9.6488175,9.6507085,9.6544905
"rep8",8.4745065,8.49058,8.498144,8.518945,8.568111,8.5482555,8.558656,8.605931,8.6673885,8.725064,8.823396,8.931183,9.037079,9.093809,9.1647215,9.216724,9.2365795,9.2687265,9.288582,9.333966,9.3538215,9.385023,9.4162245,9.434189,9.4653905,9.464445,9.4672815,9.4672815,9.4880825,9.5126655,9.5107745,9.5277935,9.5164475,9.534412,9.521175,9.5183385,9.513611,9.5183385,9.5145565,9.532521,9.532521,9.545758,9.5599405,9.5864145,9.5712865,9.5637225,9.56845,9.581687,9.5901965,9.608161,9.6166705,9.615725,9.610052,9.6223435,9.6204525,9.6242345,9.623289,9.628962,9.638417,9.642199,9.6393625,9.640308,9.636526,9.6374715,9.638417,9.6355805,9.6374715,9.640308,9.6374715,9.642199,9.6507085,9.653545,9.651654,9.6488175,9.651654,9.649763,9.6488175,9.6507085,9.6544905,9.6544905,9.6544905,9.651654,9.6544905,9.651654,9.655436,9.651654,9.655436,9.6563815,9.6544905,9.659218,9.6582725,9.6601635,9.6582725,9.659218,9.6563815,9.655436,9.6582725,9.655436,9.657327,9.6582725
"rep9",8.5161085,8.4990895,8.465997,8.488689,8.5047625,8.5217815,8.5406915,8.594585,8.634296,8.7543745,8.806377,8.931183,8.9888585,9.1061005,9.1930865,9.2535985,9.337748,9.3651675,9.3992055,9.420952,9.434189,9.462554,9.4918645,9.4956465,9.51172,9.5202295,9.526848,9.540085,9.5675045,9.5712865,9.5788505,9.5883055,9.5807415,9.5883055,9.5845235,9.600597,9.596815,9.591142,9.5939785,9.5920875,9.5958695,9.5807415,9.585469,9.5883055,9.58736,9.5920875,9.604379,9.6109975,9.615725,9.6128885,9.619507,9.615725,9.6166705,9.615725,9.619507,9.628962,9.6299075,9.6374715,9.632744,9.6355805,9.62518,9.6242345,9.6166705,9.619507,9.615725,9.628962,9.6317985,9.640308,9.642199,9.6507085,9.6582725,9.6620545,9.6620545,9.6620545,9.659218,9.661109,9.6620545,9.663,9.663,9.663,9.663,9.663,9.663,9.663,9.663,9.663,9.663,9.663,9.663,9.663,9.663,9.663,9.663,9.663,9.663,9.663,9.663,9.663,9.663,9.663
"rep10",8.4915255,8.4896345,8.462215,8.503817,8.498144,8.520836,8.596476,8.5671655,8.6503695,8.651315,8.7619385,8.836633,8.917946,8.9926405,9.1061005,9.169449,9.237525,9.343421,9.3481485,9.3670585,9.3859685,9.37935,9.4029875,9.426625,9.4332435,9.4445895,9.4597175,9.460663,9.458772,9.4445895,9.464445,9.4861915,9.4975375,9.5126655,9.5296845,9.5391395,9.5523765,9.5750685,9.572232,9.576014,9.5788505,9.58736,9.585469,9.5977605,9.598706,9.593033,9.5920875,9.60627,9.610052,9.6204525,9.619507,9.611943,9.5958695,9.6034335,9.6053245,9.627071,9.628962,9.6223435,9.617616,9.6204525,9.6223435,9.6261255,9.6317985,9.6280165,9.6317985,9.627071,9.627071,9.627071,9.634635,9.627071,9.634635,9.6336895,9.6431445,9.645981,9.649763,9.6488175,9.645981,9.647872,9.649763,9.6469265,9.6563815,9.655436,9.659218,9.657327,9.6582725,9.655436,9.655436,9.655436,9.655436,9.6525995,9.6525995,9.651654,9.647872,9.6488175,9.651654,9.6563815,9.6525995,9.6544905,9.6507085,9.653545
"rep11",8.4839615,8.486798,8.507599,8.4971985,8.4934165,8.5284,8.5652745,8.5955305,8.6541515,8.7921945,8.883908,9.0096595,9.088136,9.1477025,9.182686,9.248871,9.313165,9.324511,9.337748,9.3878595,9.407715,9.4218975,9.453099,9.468227,9.4994285,9.519284,9.528739,9.5372485,9.547649,9.558995,9.553322,9.551431,9.558995,9.5731775,9.589251,9.5864145,9.594924,9.5977605,9.596815,9.5977605,9.591142,9.594924,9.5864145,9.591142,9.5939785,9.598706,9.593033,9.58736,9.5996515,9.60627,9.6204525,9.6223435,9.62518,9.627071,9.634635,9.632744,9.6336895,9.634635,9.640308,9.6412535,9.6412535,9.638417,9.640308,9.642199,9.64409,9.6355805,9.638417,9.6412535,9.632744,9.628962,9.6261255,9.632744,9.634635,9.6336895,9.6469265,9.6412535,9.6355805,9.62518,9.6299075,9.62518,9.630853,9.6355805,9.6393625,9.642199,9.6431445,9.642199,9.6544905,9.6544905,9.653545,9.6525995,9.651654,9.653545,9.6563815,9.657327,9.663,9.663,9.663,9.663,9.663,9.663
"rep12",8.4896345,8.4631605,8.4631605,8.496253,8.494362,8.517054,8.501926,8.4990895,8.503817,8.518945,8.5161085,8.524618,8.465997,8.545419,8.5709475,8.6125495,8.6333505,8.6919715,8.7695025,8.8545975,8.9812945,9.065444,9.1382475,9.1855225,9.2498165,9.2848,9.3178925,9.3424755,9.390696,9.4086605,9.4540445,9.479573,9.494701,9.485246,9.475791,9.5088835,9.4994285,9.521175,9.5183385,9.5107745,9.523066,9.532521,9.5637225,9.5958695,9.5807415,9.58736,9.5977605,9.6109975,9.6128885,9.6053245,9.6015425,9.610052,9.6072155,9.6091065,9.610052,9.604379,9.608161,9.6109975,9.604379,9.6072155,9.5901965,9.600597,9.600597,9.598706,9.593033,9.610052,9.6053245,9.6015425,9.6072155,9.617616,9.621398,9.6431445,9.642199,9.642199,9.642199,9.6431445,9.642199,9.6374715,9.632744,9.6336895,9.638417,9.634635,9.632744,9.645981,9.6469265,9.6488175,9.642199,9.636526,9.630853,9.628962,9.6317985,9.6355805,9.6450355,9.6431445,9.6374715,9.634635,9.6374715,9.6355805,9.628962,9.6261255
"rep13",8.5388005,8.4574875,8.4801795,8.54731,8.5217815,8.5236725,8.5501465,8.587021,8.6428055,8.651315,8.719391,8.7657205,8.8980905,8.9718395,9.031406,9.1174465,9.175122,9.250762,9.296146,9.3235655,9.3632765,9.3727315,9.388805,9.428516,9.43608,9.4408075,9.4691725,9.4937555,9.509829,9.521175,9.5334665,9.5410305,9.5504855,9.5637225,9.5561585,9.562777,9.5750685,9.5750685,9.576014,9.5864145,9.579796,9.5731775,9.5769595,9.56845,9.56845,9.5542675,9.56845,9.576014,9.570341,9.574123,9.570341,9.560886,9.560886,9.581687,9.598706,9.596815,9.6015425,9.598706,9.58736,9.5920875,9.5864145,9.5920875,9.594924,9.5939785,9.598706,9.5977605,9.5901965,9.60627,9.600597,9.6015425,9.602488,9.6053245,9.6053245,9.6091065,9.627071,9.6223435,9.6204525,9.623289,9.623289,9.627071,9.619507,9.6109975,9.632744,9.627071,9.6317985,9.6317985,9.6355805,9.6317985,9.6299075,9.634635,9.6393625,9.636526,9.632744,9.6242345,9.6128885,9.608161,9.6128885,9.610052,9.600597,9.602488
"rep14",8.484907,8.5028715,8.520836,8.5161085,8.4877435,8.541637,8.5463645,8.5350185,8.5142175,8.5747295,8.67968,8.7165545,8.796922,8.8791805,8.942529,9.0739535,9.112719,9.212942,9.2498165,9.305601,9.3443665,9.366113,9.394478,9.4105515,9.43608,9.4445895,9.4597175,9.462554,9.4880825,9.4843005,9.4994285,9.538194,9.555213,9.5542675,9.54954,9.555213,9.560886,9.5580495,9.5599405,9.5656135,9.5618315,9.5580495,9.5637225,9.5750685,9.5883055,9.5939785,9.5958695,9.5807415,9.5788505,9.574123,9.579796,9.585469,9.581687,9.58736,9.5807415,9.5769595,9.5769595,9.58736,9.581687,9.583578,9.5977605,9.594924,9.5939785,9.5864145,9.596815,9.5939785,9.594924,9.5958695,9.5977605,9.5977605,9.6053245,9.608161,9.6072155,9.6034335,9.596815,9.5788505,9.5883055,9.591142,9.591142,9.610052,9.613834,9.6091065,9.6147795,9.611943,9.6109975,9.6185615,9.617616,9.615725,9.6128885,9.621398,9.627071,9.630853,9.636526,9.634635,9.636526,9.627071,9.627071,9.628962,9.6336895,9.627071
"rep15",8.5406915,8.462215,8.4990895,8.494362,8.5179995,8.534073,8.541637,8.532182,8.5388005,8.5463645,8.570002,8.630514,8.75532,8.895254,8.9907495,9.040861,9.105155,9.1930865,9.2725085,9.337748,9.3519305,9.37935,9.390696,9.4029875,9.4313525,9.4237885,9.458772,9.485246,9.49281,9.494701,9.5013195,9.506047,9.500374,9.5296845,9.5277935,9.5277935,9.5315755,9.538194,9.547649,9.5637225,9.558995,9.5637225,9.5712865,9.5675045,9.5769595,9.5807415,9.5901965,9.5901965,9.604379,9.5920875,9.591142,9.5996515,9.611943,9.611943,9.6185615,9.6204525,9.62518,9.632744,9.6431445,9.6393625,9.6412535,9.645981,9.6393625,9.642199,9.6393625,9.630853,9.6299075,9.634635,9.640308,9.6431445,9.6393625,9.6393625,9.6393625,9.6393625,9.6355805,9.642199,9.6412535,9.64409,9.6431445,9.645981,9.6469265,9.642199,9.64409,9.642199,9.645981,9.640308,9.632744,9.6393625,9.6450355,9.6488175,9.6544905,9.6582725,9.6620545,9.6620545,9.6620545,9.6620545,9.663,9.663,9.663,9.663
"rep16",8.4990895,8.488689,8.5085445,8.4953075,8.5255635,8.5293455,8.588912,8.554874,8.5898575,8.636187,8.7175,8.7827395,8.857434,8.9415835,9.0493705,9.1439205,9.212942,9.235634,9.281018,9.3311295,9.3594945,9.420952,9.447426,9.4445895,9.4559355,9.4767365,9.490919,9.502265,9.509829,9.4975375,9.5145565,9.536303,9.543867,9.555213,9.560886,9.5807415,9.572232,9.581687,9.583578,9.6034335,9.5958695,9.5996515,9.6015425,9.610052,9.600597,9.598706,9.600597,9.602488,9.5977605,9.5920875,9.577905,9.577905,9.5864145,9.593033,9.5958695,9.6034335,9.598706,9.6034335,9.594924,9.5996515,9.602488,9.6128885,9.611943,9.604379,9.598706,9.610052,9.610052,9.627071,9.6355805,9.627071,9.628962,9.632744,9.636526,9.638417,9.642199,9.640308,9.645981,9.647872,9.6488175,9.6412535,9.6450355,9.647872,9.6450355,9.6431445,9.6393625,9.636526,9.640308,9.64409,9.6393625,9.640308,9.640308,9.64409,9.6393625,9.6450355,9.645981,9.655436,9.657327,9.6601635,9.6620545,9.6620545
"rep17",8.5085445,8.479234,8.5236725,8.5255635,8.507599,8.505708,8.5085445,8.5198905,8.4707245,8.520836,8.5388005,8.545419,8.6182225,8.662661,8.8035405,8.86878,8.910382,8.965221,9.006823,9.0890815,9.1420295,9.205378,9.2554895,9.298037,9.3576035,9.3576035,9.4200065,9.4540445,9.449317,9.472009,9.4899735,9.49281,9.496592,9.4975375,9.4975375,9.4937555,9.4975375,9.500374,9.4937555,9.5126655,9.5107745,9.4918645,9.5032105,9.5145565,9.528739,9.5315755,9.553322,9.583578,9.5939785,9.5996515,9.600597,9.583578,9.5958695,9.5958695,9.6147795,9.6166705,9.6204525,9.6091065,9.60627,9.596815,9.5864145,9.581687,9.5958695,9.615725,9.6317985,9.6374715,9.638417,9.6355805,9.632744,9.6393625,9.6412535,9.642199,9.6450355,9.642199,9.6393625,9.640308,9.636526,9.6431445,9.636526,9.636526,9.638417,9.638417,9.636526,9.645981,9.6431445,9.6317985,9.628962,9.6336895,9.628962,9.634635,9.6374715,9.6393625,9.6469265,9.651654,9.655436,9.6525995,9.647872,9.649763,9.645981,9.647872
"rep18",8.484907,8.4688335,8.49058,8.5047625,8.5284,8.501926,8.541637,8.6409145,8.6881895,8.7865215,8.8583795,8.9604935,9.0304605,9.1042095,9.197814,9.2592715,9.275345,9.305601,9.3557125,9.369895,9.4218975,9.4408075,9.466336,9.481464,9.4937555,9.506047,9.5088835,9.5221205,9.5183385,9.532521,9.5164475,9.5561585,9.5693955,9.576014,9.574123,9.558995,9.54954,9.5580495,9.576014,9.562777,9.5561585,9.5618315,9.5769595,9.583578,9.5958695,9.583578,9.6015425,9.6015425,9.604379,9.6015425,9.5996515,9.6204525,9.62518,9.632744,9.6336895,9.6355805,9.632744,9.6299075,9.630853,9.6299075,9.6242345,9.628962,9.6223435,9.6204525,9.604379,9.6053245,9.5939785,9.602488,9.5883055,9.5977605,9.6091065,9.613834,9.615725,9.6147795,9.6242345,9.6223435,9.62518,9.628962,9.627071,9.632744,9.6336895,9.6299075,9.6374715,9.6393625,9.642199,9.6412535,9.6412535,9.6469265,9.649763,9.651654,9.6525995,9.6488175,9.6488175,9.640308,9.647872,9.647872,9.649763,9.6469265,9.649763,9.645981
"rep19",8.464106,8.5350185,8.483016,8.543528,8.575675,8.638078,8.7260095,8.8224505,8.897145,8.997368,9.0947545,9.137302,9.195923,9.2668355,9.301819,9.350985,9.3859685,9.415279,9.4445895,9.4578265,9.4767365,9.4786275,9.494701,9.513611,9.532521,9.5296845,9.538194,9.5429215,9.5410305,9.5429215,9.543867,9.564668,9.558995,9.5712865,9.5731775,9.5807415,9.5731775,9.570341,9.5731775,9.5826325,9.5731775,9.574123,9.5523765,9.5712865,9.579796,9.570341,9.574123,9.585469,9.58736,9.600597,9.600597,9.602488,9.604379,9.604379,9.5977605,9.6072155,9.6091065,9.6053245,9.611943,9.6091065,9.6053245,9.6223435,9.6299075,9.6317985,9.638417,9.636526,9.636526,9.628962,9.6336895,9.636526,9.628962,9.6166705,9.6109975,9.6261255,9.627071,9.6317985,9.6412535,9.64409,9.653545,9.645981,9.651654,9.653545,9.6563815,9.6582725,9.653545,9.6544905,9.6544905,9.655436,9.6563815,9.657327,9.6563815,9.6525995,9.6507085,9.6525995,9.6525995,9.649763,9.6488175,9.647872,9.645981,9.649763
"rep20",8.477343,8.4896345,8.483016,8.505708,8.5066535,8.524618,8.5709475,8.5614925,8.58513,8.6201135,8.7619385,8.795031,8.8829625,9.00115,9.055989,9.097591,9.1306835,9.2327975,9.263999,9.282909,9.3292385,9.350985,9.37935,9.383132,9.400151,9.4389165,9.4597175,9.490919,9.487137,9.5183385,9.5277935,9.521175,9.5183385,9.5221205,9.543867,9.5504855,9.570341,9.5731775,9.581687,9.5864145,9.5920875,9.611943,9.617616,9.6166705,9.6166705,9.6147795,9.600597,9.6015425,9.611943,9.6204525,9.6204525,9.6204525,9.6242345,9.6412535,9.647872,9.647872,9.655436,9.655436,9.659218,9.6601635,9.661109,9.6620545,9.661109,9.6601635,9.6620545,9.6620545,9.6620545,9.6620545,9.661109,9.661109,9.663,9.663,9.663,9.663,9.663,9.663,9.663,9.663,9.663,9.663,9.663,9.663,9.663,9.663,9.663,9.663,9.663,9.663,9.663,9.663,9.663,9.663,9.663,9.663,9.663,9.663,9.663,9.663,9.663,9.663
"rep21",8.4631605,8.479234,8.503817,8.4688335,8.515163,8.488689,8.513272,8.4858525,8.554874,8.5482555,8.5350185,8.5728385,8.632405,8.7316825,8.813941,8.950093,8.970894,9.048425,9.127847,9.2195605,9.2838545,9.3462575,9.352876,9.4010965,9.4256795,9.420952,9.432298,9.466336,9.4597175,9.4805185,9.5069925,9.5240115,9.5069925,9.524957,9.534412,9.5410305,9.547649,9.5296845,9.5485945,9.5693955,9.5826325,9.5939785,9.600597,9.602488,9.600597,9.598706,9.579796,9.5864145,9.5883055,9.585469,9.5920875,9.5883055,9.5977605,9.602488,9.6128885,9.6053245,9.5996515,9.615725,9.6128885,9.6242345,9.628962,9.623289,9.6280165,9.6147795,9.6091065,9.5958695,9.60627,9.6147795,9.617616,9.617616,9.6166705,9.610052,9.6147795,9.617616,9.6223435,9.6261255,9.621398,9.6299075,9.627071,9.6242345,9.636526,9.630853,9.6242345,9.6204525,9.6242345,9.628962,9.619507,9.619507,9.6128885,9.6053245,9.6128885,9.6091065,9.600597,9.6147795,9.6053245,9.589251,9.583578,9.576014,9.5656135,9.5788505
"rep22",8.4877435,8.4518145,8.477343,8.5406915,8.477343,8.5198905,8.513272,8.535964,8.4990895,8.570002,8.562438,8.6125495,8.692917,8.7543745,8.8148865,8.8943085,8.997368,9.050316,9.1269015,9.201596,9.2876365,9.299928,9.3594945,9.371786,9.402042,9.4143335,9.43608,9.4748455,9.4937555,9.4937555,9.49281,9.51172,9.5107745,9.4994285,9.51172,9.519284,9.536303,9.5448125,9.5259025,9.5277935,9.538194,9.543867,9.532521,9.5277935,9.5315755,9.5448125,9.5523765,9.543867,9.5391395,9.547649,9.5599405,9.574123,9.5731775,9.5750685,9.570341,9.5580495,9.5656135,9.576014,9.570341,9.5693955,9.553322,9.579796,9.5901965,9.5883055,9.5826325,9.5977605,9.594924,9.6091065,9.6109975,9.6147795,9.608161,9.613834,9.6072155,9.6091065,9.608161,9.611943,9.604379,9.6072155,9.6091065,9.613834,9.617616,9.615725,9.6299075,9.6147795,9.617616,9.598706,9.5845235,9.5920875,9.5977605,9.600597,9.600597,9.608161,9.6128885,9.610052,9.610052,9.613834,9.60627,9.6109975,9.6204525,9.6053245
"rep23",8.503817,8.520836,8.4782885,8.5284,8.4915255,8.532182,8.539746,8.5804025,8.609713,8.6957535,8.800704,8.876344,9.021951,9.082463,9.175122,9.203487,9.239416,9.279127,9.282909,9.3235655,9.352876,9.388805,9.4237885,9.4408075,9.4578265,9.464445,9.4748455,9.4843005,9.513611,9.5240115,9.5277935,9.515502,9.524957,9.5221205,9.5126655,9.526848,9.5164475,9.4994285,9.504156,9.507938,9.536303,9.555213,9.545758,9.5467035,9.532521,9.524957,9.5504855,9.555213,9.5561585,9.5656135,9.577905,9.581687,9.585469,9.585469,9.598706,9.593033,9.589251,9.602488,9.5996515,9.6147795,9.615725,9.6147795,9.6223435,9.6317985,9.6299075,9.6280165,9.628962,9.627071,9.619507,9.6109975,9.6185615,9.6242345,9.634635,9.634635,9.638417,9.640308,9.640308,9.6431445,9.6393625,9.638417,9.6431445,9.645981,9.655436,9.6563815,9.657327,9.655436,9.6563815,9.653545,9.6525995,9.653545,9.647872,9.6563815,9.6582725,9.6544905,9.6544905,9.6563815,9.653545,9.653545,9.6507085,9.649763
"rep24",8.492471,8.4953075,8.450869,8.488689,8.494362,8.511381,8.501926,8.4820705,8.49058,8.5047625,8.518945,8.496253,8.49058,8.581348,8.611604,8.672116,8.7146635,8.8129955,8.9151095,8.9434745,9.0172235,9.142975,9.2327975,9.2857455,9.330184,9.3576035,9.3992055,9.4200065,9.4370255,9.4710635,9.4880825,9.509829,9.5032105,9.4937555,9.4975375,9.4880825,9.502265,9.5221205,9.5107745,9.523066,9.5221205,9.54954,9.5523765,9.5448125,9.551431,9.540085,9.536303,9.5504855,9.543867,9.5561585,9.5675045,9.56845,9.566559,9.577905,9.5712865,9.5807415,9.5731775,9.570341,9.5731775,9.5599405,9.5675045,9.5675045,9.566559,9.560886,9.566559,9.538194,9.5448125,9.5391395,9.557104,9.557104,9.5448125,9.5731775,9.5731775,9.572232,9.5731775,9.5826325,9.5769595,9.572232,9.5826325,9.5845235,9.5807415,9.577905,9.5864145,9.585469,9.5901965,9.581687,9.570341,9.551431,9.5618315,9.551431,9.5504855,9.5637225,9.553322,9.560886,9.5580495,9.5750685,9.5769595,9.576014,9.5675045,9.577905
"rep25",8.477343,8.492471,8.469779,8.524618,8.5520375,8.583239,8.6711705,8.702372,8.819614,8.8243415,8.9378015,9.0266785,9.124065,9.118392,9.199705,9.26589,9.2819635,9.3178925,9.34153,9.3538215,9.347203,9.390696,9.4029875,9.4408075,9.449317,9.464445,9.498483,9.519284,9.532521,9.5277935,9.5315755,9.54954,9.562777,9.5523765,9.5391395,9.5523765,9.564668,9.5712865,9.585469,9.572232,9.577905,9.576014,9.577905,9.5750685,9.5769595,9.5883055,9.5920875,9.579796,9.5637225,9.572232,9.579796,9.5883055,9.5788505,9.5977605,9.602488,9.6072155,9.6166705,9.604379,9.6034335,9.6147795,9.615725,9.6242345,9.6204525,9.6128885,9.6147795,9.6204525,9.6336895,9.630853,9.6299075,9.632744,9.6393625,9.64409,9.6374715,9.642199,9.6412535,9.636526,9.6374715,9.6393625,9.6393625,9.640308,9.6431445,9.6317985,9.640308,9.6412535,9.645981,9.6412535,9.6393625,9.638417,9.640308,9.645981,9.651654,9.6544905,9.655436,9.6507085,9.645981,9.64409,9.6393625,9.632744,9.6280165,9.6355805
"rep26",8.477343,8.477343,8.4915255,8.5142175,8.4839615,8.4858525,8.526509,8.513272,8.5123265,8.5236725,8.522727,8.5425825,8.5804025,8.6560425,8.685353,8.7713935,8.8262325,8.9132185,8.987913,9.067335,9.1042095,9.180795,9.1968685,9.2309065,9.2517075,9.279127,9.3424755,9.3802955,9.428516,9.464445,9.4899735,9.509829,9.5221205,9.521175,9.5126655,9.5013195,9.526848,9.528739,9.5372485,9.547649,9.572232,9.576014,9.5845235,9.5845235,9.5996515,9.5939785,9.591142,9.5864145,9.594924,9.5864145,9.58736,9.583578,9.564668,9.566559,9.566559,9.547649,9.560886,9.5618315,9.574123,9.5996515,9.58736,9.5958695,9.5920875,9.5920875,9.6128885,9.6166705,9.611943,9.602488,9.608161,9.6109975,9.615725,9.6128885,9.6336895,9.6374715,9.640308,9.6450355,9.64409,9.6469265,9.6469265,9.6450355,9.64409,9.6431445,9.6412535,9.6488175,9.6563815,9.655436,9.657327,9.6582725,9.661109,9.6620545,9.659218,9.661109,9.659218,9.6582725,9.661109,9.663,9.663,9.663,9.663,9.663
"rep27",8.488689,8.50949,8.488689,8.515163,8.5284,8.524618,8.500035,8.549201,8.5539285,8.5255635,8.577566,8.6295685,8.6484785,8.7505925,8.844197,8.978458,9.1023185,9.173231,9.22807,9.258326,9.316947,9.362331,9.394478,9.424734,9.4332435,9.466336,9.490919,9.506047,9.509829,9.524957,9.523066,9.536303,9.528739,9.543867,9.5277935,9.5296845,9.5467035,9.5580495,9.5637225,9.5561585,9.5504855,9.5542675,9.541976,9.5750685,9.585469,9.5958695,9.604379,9.594924,9.5996515,9.604379,9.6015425,9.604379,9.594924,9.6015425,9.6109975,9.6185615,9.628962,9.6336895,9.638417,9.634635,9.6317985,9.628962,9.6299075,9.6317985,9.636526,9.6374715,9.6393625,9.6317985,9.632744,9.6317985,9.62518,9.6280165,9.6185615,9.62518,9.6261255,9.6299075,9.6223435,9.617616,9.6185615,9.6204525,9.6185615,9.6223435,9.6204525,9.6299075,9.6393625,9.642199,9.6488175,9.6507085,9.6450355,9.6469265,9.649763,9.6507085,9.6563815,9.651654,9.6601635,9.6620545,9.659218,9.663,9.663,9.663
"rep28",8.4745065,8.5161085,8.503817,8.49058,8.505708,8.448978,8.545419,8.483016,8.4896345,8.4839615,8.530291,8.575675,8.6049855,8.709936,8.8129955,8.908491,8.96333,9.0588255,9.135411,9.2063235,9.3103285,9.3519305,9.3916415,9.428516,9.441753,9.456881,9.4748455,9.489028,9.483355,9.5013195,9.51172,9.540085,9.538194,9.555213,9.558995,9.558995,9.5599405,9.566559,9.551431,9.553322,9.5675045,9.577905,9.5693955,9.5693955,9.572232,9.5864145,9.5807415,9.5864145,9.583578,9.5920875,9.602488,9.589251,9.577905,9.577905,9.5750685,9.579796,9.581687,9.5901965,9.58736,9.5769595,9.576014,9.5807415,9.581687,9.5826325,9.585469,9.594924,9.5977605,9.594924,9.598706,9.613834,9.615725,9.628962,9.6299075,9.62518,9.632744,9.634635,9.6374715,9.6355805,9.642199,9.6431445,9.640308,9.64409,9.64409,9.647872,9.6488175,9.649763,9.653545,9.649763,9.6488175,9.6412535,9.6431445,9.649763,9.647872,9.64409,9.647872,9.6544905,9.653545,9.6488175,9.653545,9.6544905
"rep29",8.473561,8.507599,8.501926,8.462215,8.486798,8.5236725,8.4782885,8.494362,8.464106,8.513272,8.513272,8.5350185,8.568111,8.6144405,8.6276775,8.7222275,8.7884125,8.870671,8.931183,9.0153325,9.0957,9.1514845,9.173231,9.233743,9.2687265,9.309383,9.34153,9.3784045,9.409606,9.411497,9.449317,9.477682,9.4691725,9.498483,9.509829,9.517393,9.5013195,9.513611,9.5429215,9.558995,9.5580495,9.572232,9.566559,9.5693955,9.5731775,9.583578,9.5769595,9.5807415,9.5769595,9.585469,9.5977605,9.5920875,9.60627,9.6034335,9.6091065,9.6185615,9.6091065,9.6109975,9.6204525,9.617616,9.6223435,9.62518,9.6299075,9.62518,9.630853,9.630853,9.6317985,9.6336895,9.6242345,9.623289,9.632744,9.6469265,9.6488175,9.6469265,9.645981,9.6450355,9.6374715,9.638417,9.6431445,9.6507085,9.657327,9.655436,9.653545,9.6563815,9.657327,9.6544905,9.653545,9.6582725,9.655436,9.6582725,9.657327,9.659218,9.6601635,9.659218,9.659218,9.6582725,9.659218,9.6601635,9.6601635,9.661109
"rep30",8.4726155,8.500035,8.4688335,8.5047625,8.5444735,8.5388005,8.632405,8.6201135,8.7203365,8.855543,8.929292,9.0210055,9.1552665,9.1949775,9.212942,9.277236,9.32262,9.337748,9.3632765,9.396369,9.4124425,9.420952,9.4502625,9.485246,9.4805185,9.4805185,9.483355,9.5145565,9.5183385,9.51172,9.524957,9.540085,9.547649,9.5542675,9.560886,9.562777,9.5561585,9.5712865,9.5769595,9.581687,9.596815,9.6053245,9.6147795,9.6185615,9.623289,9.6166705,9.621398,9.623289,9.617616,9.621398,9.617616,9.6166705,9.604379,9.5958695,9.5939785,9.604379,9.604379,9.6015425,9.598706,9.589251,9.585469,9.572232,9.5845235,9.593033,9.589251,9.5788505,9.58736,9.5901965,9.591142,9.589251,9.589251,9.5939785,9.589251,9.5864145,9.577905,9.58736,9.600597,9.585469,9.60627,9.6147795,9.617616,9.615725,9.617616,9.611943,9.623289,9.619507,9.6185615,9.62518,9.613834,9.615725,9.6147795,9.621398,9.6109975,9.6109975,9.611943,9.6053245,9.6053245,9.610052,9.593033,9.5807415
"rep31",8.5085445,8.4877435,8.4726155,8.494362,8.5028715,8.507599,8.5009805,8.5009805,8.5274545,8.5633835,8.619168,8.6333505,8.67968,8.7865215,8.864998,8.9359105,9.048425,9.118392,9.1874135,9.2460345,9.3065465,9.3273475,9.326402,9.373677,9.415279,9.407715,9.4162245,9.420952,9.439862,9.4294615,9.4389165,9.4653905,9.4634995,9.4861915,9.4899735,9.4956465,9.5069925,9.5410305,9.5296845,9.5334665,9.523066,9.5410305,9.528739,9.547649,9.558995,9.564668,9.5731775,9.585469,9.593033,9.596815,9.583578,9.58736,9.596815,9.60627,9.6015425,9.6015425,9.6109975,9.6072155,9.608161,9.60627,9.610052,9.6109975,9.615725,9.60627,9.613834,9.6147795,9.6128885,9.604379,9.60627,9.596815,9.5920875,9.60627,9.602488,9.5977605,9.600597,9.6072155,9.6072155,9.613834,9.628962,9.6261255,9.628962,9.6223435,9.632744,9.640308,9.6431445,9.64409,9.640308,9.64409,9.636526,9.6488175,9.651654,9.6507085,9.6507085,9.6507085,9.64409,9.645981,9.6507085,9.6544905,9.655436,9.651654
"rep32",8.492471,8.4820705,8.462215,8.486798,8.515163,8.5388005,8.517054,8.5690565,8.607822,8.6182225,8.689135,8.764775,8.851761,9.0323515,9.0985365,9.1590485,9.2119965,9.256435,9.2895275,9.3084375,9.3481485,9.3557125,9.3670585,9.394478,9.407715,9.4483715,9.4653905,9.4370255,9.4464805,9.4578265,9.489028,9.506047,9.5069925,9.4975375,9.5088835,9.532521,9.5561585,9.577905,9.574123,9.5712865,9.560886,9.581687,9.581687,9.58736,9.589251,9.5920875,9.5807415,9.5826325,9.593033,9.5920875,9.5958695,9.6034335,9.5977605,9.6015425,9.60627,9.593033,9.593033,9.5996515,9.598706,9.6109975,9.6091065,9.615725,9.6015425,9.594924,9.610052,9.6128885,9.6204525,9.6223435,9.623289,9.621398,9.6223435,9.615725,9.615725,9.6223435,9.6261255,9.634635,9.6317985,9.628962,9.6242345,9.615725,9.6185615,9.6280165,9.636526,9.628962,9.627071,9.6261255,9.6317985,9.6280165,9.6299075,9.630853,9.6242345,9.627071,9.630853,9.632744,9.630853,9.6299075,9.6299075,9.6317985,9.627071,9.62518
"rep33",8.4953075,8.4820705,8.5047625,8.5085445,8.464106,8.5596015,8.5236725,8.530291,8.6220045,8.6938625,8.8243415,8.9302375,9.00115,9.122174,9.2006505,9.2554895,9.296146,9.337748,9.3462575,9.390696,9.4124425,9.4408075,9.4748455,9.483355,9.49281,9.5202295,9.523066,9.524957,9.51172,9.5259025,9.526848,9.5088835,9.4918645,9.4918645,9.498483,9.490919,9.485246,9.485246,9.5051015,9.5221205,9.5334665,9.538194,9.5485945,9.5410305,9.5485945,9.558995,9.5561585,9.5467035,9.5504855,9.558995,9.5656135,9.5845235,9.5939785,9.6109975,9.611943,9.611943,9.6185615,9.610052,9.598706,9.604379,9.615725,9.623289,9.6242345,9.6242345,9.619507,9.628962,9.6242345,9.6261255,9.6242345,9.628962,9.6223435,9.6223435,9.6317985,9.634635,9.634635,9.6242345,9.6204525,9.6299075,9.638417,9.6412535,9.638417,9.6374715,9.6450355,9.647872,9.638417,9.64409,9.647872,9.645981,9.6412535,9.64409,9.6469265,9.649763,9.6563815,9.653545,9.6507085,9.653545,9.653545,9.6563815,9.655436,9.655436
"rep34",8.49058,8.4745065,8.505708,8.5236725,8.539746,8.5596015,8.6825165,8.711827,8.796922,8.927401,9.054098,9.1552665,9.211051,9.282909,9.3311295,9.3443665,9.3727315,9.3878595,9.4048785,9.4143335,9.4313525,9.4408075,9.4739,9.487137,9.4956465,9.51172,9.5259025,9.532521,9.5372485,9.534412,9.532521,9.53063,9.5410305,9.5618315,9.5561585,9.5504855,9.557104,9.562777,9.577905,9.5845235,9.581687,9.5826325,9.5826325,9.5845235,9.570341,9.576014,9.583578,9.583578,9.594924,9.5939785,9.5920875,9.594924,9.5996515,9.602488,9.6015425,9.6091065,9.6147795,9.615725,9.6053245,9.613834,9.604379,9.602488,9.6147795,9.615725,9.62518,9.6317985,9.636526,9.64409,9.6450355,9.6450355,9.6374715,9.628962,9.62518,9.621398,9.6147795,9.598706,9.6053245,9.5958695,9.602488,9.6034335,9.6166705,9.613834,9.6185615,9.619507,9.62518,9.610052,9.6109975,9.6053245,9.6109975,9.6166705,9.6109975,9.6034335,9.6053245,9.613834,9.6166705,9.610052,9.611943,9.6109975,9.613834,9.619507
"rep35",8.481125,8.4877435,8.5104355,8.49058,8.5293455,8.541637,8.5614925,8.609713,8.672116,8.776121,8.863107,8.9737305,9.0342425,9.0720625,9.1855225,9.256435,9.263999,9.2933095,9.3178925,9.3386935,9.3765135,9.3954235,9.4351345,9.4294615,9.434189,9.430407,9.437971,9.439862,9.449317,9.430407,9.432298,9.4389165,9.441753,9.4616085,9.4578265,9.4616085,9.464445,9.464445,9.4521535,9.445535,9.453099,9.4691725,9.4937555,9.500374,9.507938,9.5202295,9.536303,9.524957,9.5372485,9.541976,9.555213,9.555213,9.5580495,9.56845,9.5901965,9.5864145,9.5883055,9.5864145,9.5864145,9.5845235,9.579796,9.58736,9.56845,9.574123,9.585469,9.5712865,9.5826325,9.5883055,9.5920875,9.604379,9.581687,9.5883055,9.5864145,9.5845235,9.576014,9.585469,9.5901965,9.613834,9.617616,9.610052,9.615725,9.6204525,9.6223435,9.627071,9.6242345,9.6242345,9.627071,9.632744,9.630853,9.6242345,9.6072155,9.610052,9.610052,9.6223435,9.6185615,9.6280165,9.6261255,9.623289,9.6204525,9.6072155
"rep36",8.501926,8.4896345,8.5123265,8.520836,8.4971985,8.4763975,8.522727,8.58513,8.5822935,8.7033175,8.768557,8.863107,8.974676,9.0418065,9.103264,9.1420295,9.239416,9.292364,9.332075,9.366113,9.3802955,9.392587,9.4067695,9.4237885,9.4559355,9.4918645,9.4918645,9.500374,9.521175,9.5467035,9.545758,9.5712865,9.572232,9.5731775,9.583578,9.5731775,9.585469,9.5883055,9.5958695,9.598706,9.5996515,9.583578,9.5901965,9.5883055,9.5845235,9.591142,9.589251,9.5864145,9.5788505,9.581687,9.5977605,9.6147795,9.6128885,9.6091065,9.6072155,9.6072155,9.6128885,9.627071,9.6185615,9.6204525,9.6242345,9.6166705,9.6166705,9.627071,9.6317985,9.6242345,9.6223435,9.6242345,9.627071,9.634635,9.642199,9.6355805,9.634635,9.6336895,9.6374715,9.6299075,9.628962,9.630853,9.6261255,9.6261255,9.6336895,9.6317985,9.640308,9.632744,9.6412535,9.636526,9.642199,9.636526,9.6374715,9.632744,9.634635,9.640308,9.642199,9.645981,9.6431445,9.6355805,9.636526,9.638417,9.6374715,9.6242345
"rep37",8.465997,8.5161085,8.473561,8.4915255,8.500035,8.484907,8.5009805,8.4915255,8.496253,8.494362,8.511381,8.50949,8.513272,8.541637,8.5558195,8.5350185,8.6276775,8.670225,8.7175,8.8905265,9.023842,9.122174,9.1647215,9.252653,9.309383,9.3273475,9.356658,9.3632765,9.377459,9.3973145,9.4256795,9.4597175,9.4616085,9.4918645,9.5032105,9.515502,9.517393,9.532521,9.5372485,9.5485945,9.555213,9.5561585,9.543867,9.532521,9.5448125,9.5485945,9.5561585,9.545758,9.5485945,9.557104,9.5637225,9.5618315,9.5618315,9.5542675,9.5504855,9.5561585,9.56845,9.5712865,9.576014,9.583578,9.5996515,9.594924,9.594924,9.5996515,9.604379,9.602488,9.5920875,9.5826325,9.5675045,9.5712865,9.5675045,9.5712865,9.5769595,9.585469,9.5920875,9.6015425,9.615725,9.600597,9.604379,9.6015425,9.6015425,9.5977605,9.5883055,9.602488,9.60627,9.6072155,9.600597,9.610052,9.6147795,9.6204525,9.6147795,9.610052,9.6147795,9.6223435,9.6166705,9.62518,9.634635,9.6317985,9.623289,9.619507
"rep38",8.4990895,8.526509,8.5085445,8.5104355,8.562438,8.5671655,8.638078,8.674007,8.7959765,8.876344,8.9964225,9.0834085,9.1401385,9.192141,9.252653,9.352876,9.392587,9.3992055,9.4143335,9.4408075,9.447426,9.4729545,9.4843005,9.5032105,9.502265,9.521175,9.5259025,9.519284,9.517393,9.5183385,9.515502,9.534412,9.547649,9.5561585,9.564668,9.558995,9.5618315,9.558995,9.558995,9.5656135,9.5750685,9.577905,9.562777,9.572232,9.555213,9.5467035,9.5504855,9.5580495,9.555213,9.5504855,9.560886,9.570341,9.591142,9.6015425,9.604379,9.6147795,9.619507,9.621398,9.621398,9.617616,9.6147795,9.6015425,9.593033,9.581687,9.600597,9.594924,9.602488,9.6072155,9.6015425,9.6034335,9.613834,9.617616,9.615725,9.6147795,9.6109975,9.6185615,9.6242345,9.6204525,9.617616,9.623289,9.6185615,9.627071,9.619507,9.62518,9.6204525,9.627071,9.632744,9.628962,9.6374715,9.642199,9.640308,9.640308,9.649763,9.653545,9.6563815,9.653545,9.657327,9.6563815,9.6544905,9.653545
"rep39",8.473561,8.4820705,8.5085445,8.5161085,8.501926,8.464106,8.5463645,8.534073,8.6012035,8.5898575,8.58513,8.656988,8.664552,8.753429,8.804486,8.88769,8.9869675,9.0796265,9.167558,9.2535985,9.286691,9.330184,9.3689495,9.3746225,9.4143335,9.437971,9.4426985,9.4483715,9.472009,9.4824095,9.489028,9.4994285,9.4861915,9.496592,9.468227,9.481464,9.4937555,9.498483,9.5107745,9.5164475,9.5145565,9.5126655,9.498483,9.5126655,9.5126655,9.517393,9.509829,9.5221205,9.5088835,9.5202295,9.5202295,9.51172,9.5126655,9.5183385,9.528739,9.538194,9.5296845,9.524957,9.523066,9.5561585,9.574123,9.581687,9.572232,9.581687,9.581687,9.5693955,9.570341,9.581687,9.5901965,9.585469,9.5977605,9.5939785,9.5807415,9.577905,9.572232,9.56845,9.566559,9.5561585,9.5561585,9.5750685,9.564668,9.564668,9.577905,9.5920875,9.585469,9.591142,9.581687,9.589251,9.5807415,9.579796,9.576014,9.5712865,9.564668,9.555213,9.572232,9.570341,9.5788505,9.5864145,9.570341,9.570341
"rep40",8.4990895,8.503817,8.496253,8.4858525,8.4971985,8.498144,8.501926,8.5274545,8.605931,8.624841,8.683462,8.8073225,8.9066,9.0191145,9.0966455,9.1571575,9.212942,9.271563,9.3235655,9.358549,9.3935325,9.3992055,9.4294615,9.4729545,9.485246,9.5032105,9.5107745,9.5277935,9.543867,9.5523765,9.5429215,9.5429215,9.5485945,9.56845,9.5675045,9.581687,9.5826325,9.5845235,9.585469,9.593033,9.5788505,9.598706,9.602488,9.598706,9.596815,9.5996515,9.589251,9.5958695,9.6015425,9.600597,9.6072155,9.6053245,9.6034335,9.6034335,9.619507,9.6166705,9.621398,9.628962,9.6261255,9.630853,9.6317985,9.6374715,9.636526,9.640308,9.642199,9.6412535,9.645981,9.653545,9.6544905,9.6544905,9.655436,9.653545,9.647872,9.647872,9.6525995,9.6488175,9.651654,9.651654,9.6525995,9.6563815,9.6544905,9.655436,9.657327,9.657327,9.6620545,9.661109,9.661109,9.661109,9.661109,9.6620545,9.661109,9.6601635,9.6563815,9.653545,9.659218,9.6601635,9.659218,9.6601635,9.659218,9.6582725
"rep41",8.467888,8.479234,8.5123265,8.4934165,8.511381,8.552983,8.594585,8.67968,8.8016495,8.8772895,9.00115,9.063553,9.161885,9.256435,9.2649445,9.271563,9.2914185,9.3103285,9.352876,9.3935325,9.407715,9.415279,9.43608,9.4691725,9.4824095,9.489028,9.4861915,9.4975375,9.489028,9.4880825,9.494701,9.485246,9.4880825,9.4918645,9.4739,9.477682,9.475791,9.4805185,9.498483,9.524957,9.5429215,9.53063,9.534412,9.524957,9.515502,9.513611,9.5164475,9.5296845,9.5334665,9.5353575,9.5467035,9.543867,9.562777,9.5561585,9.5429215,9.547649,9.5561585,9.543867,9.5429215,9.5296845,9.541976,9.545758,9.538194,9.5448125,9.5504855,9.538194,9.5448125,9.534412,9.5448125,9.519284,9.5069925,9.538194,9.5656135,9.5561585,9.566559,9.547649,9.541976,9.5467035,9.5485945,9.564668,9.5561585,9.570341,9.5864145,9.593033,9.602488,9.593033,9.5977605,9.6072155,9.608161,9.613834,9.6072155,9.611943,9.611943,9.6053245,9.5920875,9.596815,9.610052,9.6204525,9.6223435,9.615725
"rep42",8.4763975,8.4953075,8.50949,8.4669425,8.5047625,8.505708,8.4877435,8.513272,8.515163,8.560547,8.5898575,8.655097,8.7127725,8.8073225,8.893363,8.908491,9.029515,9.1042095,9.161885,9.231852,9.290473,9.318838,9.34153,9.3878595,9.4370255,9.4578265,9.4880825,9.49281,9.5013195,9.496592,9.496592,9.509829,9.5240115,9.526848,9.5296845,9.5391395,9.54954,9.570341,9.5807415,9.5920875,9.591142,9.5958695,9.5920875,9.604379,9.60627,9.610052,9.6128885,9.608161,9.598706,9.596815,9.6053245,9.611943,9.615725,9.6185615,9.613834,9.6109975,9.6242345,9.6336895,9.634635,9.6355805,9.6336895,9.6374715,9.6355805,9.638417,9.6336895,9.634635,9.6374715,9.6412535,9.636526,9.6336895,9.6355805,9.632744,9.627071,9.6355805,9.632744,9.632744,9.634635,9.6317985,9.623289,9.6280165,9.638417,9.6431445,9.6431445,9.6488175,9.647872,9.6431445,9.6544905,9.6544905,9.655436,9.659218,9.6563815,9.6563815,9.6544905,9.6525995,9.6507085,9.651654,9.6544905,9.6582725,9.661109,9.659218
"rep43",8.4555965,8.4669425,8.498144,8.518945,8.4971985,8.5066535,8.5161085,8.5161085,8.5104355,8.505708,8.5255635,8.552983,8.5841845,8.6106585,8.670225,8.7316825,8.8205595,8.96333,9.0663895,9.108937,9.137302,9.218615,9.2743995,9.3216745,9.333966,9.3576035,9.3802955,9.390696,9.396369,9.4313525,9.4275705,9.432298,9.451208,9.441753,9.4597175,9.4691725,9.509829,9.502265,9.517393,9.5183385,9.496592,9.5013195,9.519284,9.5277935,9.524957,9.5032105,9.523066,9.5429215,9.5504855,9.5467035,9.566559,9.576014,9.5807415,9.566559,9.5731775,9.577905,9.58736,9.5977605,9.5826325,9.585469,9.583578,9.5693955,9.5656135,9.562777,9.5504855,9.562777,9.562777,9.553322,9.574123,9.56845,9.5485945,9.5429215,9.555213,9.5788505,9.589251,9.5883055,9.598706,9.5996515,9.58736,9.581687,9.5864145,9.589251,9.600597,9.589251,9.596815,9.6072155,9.6053245,9.6147795,9.6109975,9.6242345,9.615725,9.6128885,9.6204525,9.6166705,9.6166705,9.611943,9.6147795,9.6166705,9.6242345,9.619507
"rep44",8.4688335,8.505708,8.5217815,8.5284,8.5671655,8.600258,8.628623,8.708045,8.8300145,8.8980905,8.9983135,9.0247875,9.0957,9.158103,9.1949775,9.2384705,9.2668355,9.324511,9.354767,9.3727315,9.388805,9.4010965,9.422843,9.434189,9.43608,9.4672815,9.4748455,9.4767365,9.507938,9.517393,9.523066,9.528739,9.532521,9.5315755,9.543867,9.5202295,9.5107745,9.502265,9.498483,9.490919,9.504156,9.521175,9.528739,9.534412,9.5599405,9.560886,9.5637225,9.5693955,9.572232,9.577905,9.583578,9.5826325,9.598706,9.6072155,9.6128885,9.610052,9.6034335,9.6185615,9.617616,9.6223435,9.617616,9.613834,9.6166705,9.6091065,9.6015425,9.5939785,9.58736,9.5807415,9.5675045,9.560886,9.558995,9.5637225,9.5731775,9.581687,9.581687,9.5807415,9.5864145,9.5826325,9.589251,9.5883055,9.5977605,9.598706,9.611943,9.6128885,9.623289,9.6242345,9.6223435,9.628962,9.638417,9.640308,9.6355805,9.632744,9.6336895,9.6299075,9.630853,9.6317985,9.636526,9.6336895,9.628962,9.6299075
"rep45",8.464106,8.492471,8.492471,8.518945,8.4990895,8.4877435,8.50949,8.564329,8.588912,8.664552,8.704263,8.7619385,8.863107,8.912273,8.96333,9.0436975,9.148648,9.1666125,9.195923,9.235634,9.296146,9.3557125,9.3538215,9.3708405,9.383132,9.422843,9.453099,9.4578265,9.470118,9.477682,9.490919,9.490919,9.504156,9.5051015,9.5145565,9.5069925,9.4739,9.4956465,9.5107745,9.504156,9.4918645,9.51172,9.5126655,9.5259025,9.5410305,9.566559,9.562777,9.5599405,9.579796,9.591142,9.6015425,9.6166705,9.6204525,9.6223435,9.62518,9.632744,9.6299075,9.6242345,9.6204525,9.615725,9.6223435,9.621398,9.623289,9.619507,9.615725,9.6147795,9.6053245,9.5996515,9.6015425,9.600597,9.5958695,9.5920875,9.5826325,9.5883055,9.5958695,9.5996515,9.5958695,9.5958695,9.583578,9.5750685,9.5693955,9.5731775,9.5656135,9.562777,9.5731775,9.583578,9.593033,9.6109975,9.5996515,9.6072155,9.617616,9.6166705,9.6109975,9.6053245,9.6128885,9.6185615,9.615725,9.6109975,9.6053245,9.600597
"rep46",8.484907,8.4745065,8.501926,8.49058,8.4915255,8.4971985,8.4631605,8.488689,8.4896345,8.5217815,8.492471,8.4877435,8.475452,8.4820705,8.513272,8.5463645,8.552983,8.6049855,8.624841,8.7089905,8.7676115,8.838524,8.927401,8.961439,9.059771,9.1571575,9.214833,9.2630535,9.2800725,9.356658,9.3727315,9.386914,9.4162245,9.4029875,9.422843,9.439862,9.4464805,9.4408075,9.4824095,9.51172,9.536303,9.543867,9.5599405,9.5693955,9.5731775,9.58736,9.5883055,9.577905,9.5712865,9.5731775,9.58736,9.591142,9.5939785,9.596815,9.591142,9.585469,9.591142,9.594924,9.593033,9.600597,9.6034335,9.611943,9.6034335,9.594924,9.600597,9.5977605,9.5977605,9.608161,9.615725,9.6034335,9.6034335,9.602488,9.600597,9.5977605,9.6109975,9.615725,9.619507,9.6223435,9.630853,9.6280165,9.619507,9.62518,9.627071,9.6147795,9.6091065,9.611943,9.611943,9.608161,9.5977605,9.6223435,9.6223435,9.6128885,9.610052,9.613834,9.623289,9.630853,9.6299075,9.6242345,9.62518,9.6223435
"rep47",8.4877435,8.4896345,8.47167,8.4953075,8.5198905,8.5217815,8.5463645,8.590803,8.6182225,8.626732,8.759102,8.7827395,8.938747,9.0115505,9.1212285,9.1647215,9.2195605,9.2630535,9.2895275,9.3254565,9.3368025,9.377459,9.400151,9.411497,9.4408075,9.462554,9.4464805,9.475791,9.485246,9.487137,9.487137,9.509829,9.521175,9.5221205,9.547649,9.5372485,9.547649,9.558995,9.5599405,9.566559,9.570341,9.576014,9.5750685,9.5788505,9.5977605,9.5977605,9.608161,9.611943,9.6091065,9.5920875,9.6015425,9.608161,9.619507,9.617616,9.6185615,9.6072155,9.6204525,9.6280165,9.6336895,9.6317985,9.638417,9.642199,9.649763,9.649763,9.6525995,9.657327,9.659218,9.659218,9.659218,9.655436,9.6563815,9.659218,9.6563815,9.659218,9.6563815,9.6563815,9.6563815,9.659218,9.657327,9.661109,9.659218,9.6563815,9.653545,9.6544905,9.6563815,9.6601635,9.659218,9.6601635,9.659218,9.661109,9.661109,9.663,9.663,9.663,9.663,9.663,9.663,9.663,9.663,9.663
"rep48",8.517054,8.5217815,8.49058,8.454651,8.513272,8.5085445,8.4915255,8.483016,8.5085445,8.4537055,8.5236725,8.556765,8.4763975,8.4782885,8.4688335,8.4726155,8.503817,8.5596015,8.5785115,8.6560425,8.692917,8.838524,8.936856,9.014387,9.122174,9.163776,9.1987595,9.282909,9.313165,9.381241,9.4010965,9.4048785,9.4370255,9.4540445,9.481464,9.498483,9.487137,9.4899735,9.509829,9.5221205,9.49281,9.494701,9.494701,9.4843005,9.5088835,9.504156,9.5259025,9.515502,9.5372485,9.5429215,9.540085,9.555213,9.5504855,9.5467035,9.5353575,9.536303,9.5485945,9.5523765,9.54954,9.558995,9.562777,9.566559,9.5599405,9.5542675,9.5712865,9.5712865,9.5901965,9.5883055,9.593033,9.5958695,9.602488,9.6147795,9.610052,9.6128885,9.6223435,9.6242345,9.6204525,9.6280165,9.62518,9.628962,9.6261255,9.621398,9.6242345,9.6280165,9.6185615,9.623289,9.6242345,9.6261255,9.6317985,9.634635,9.634635,9.6280165,9.623289,9.621398,9.621398,9.6223435,9.6166705,9.617616,9.6223435,9.6261255
"rep49",8.4971985,8.503817,8.5085445,8.500035,8.515163,8.5425825,8.600258,8.66077,8.7940855,8.9056545,8.987913,9.101373,9.159994,9.248871,9.2479255,9.345312,9.3784045,9.41717,9.419061,9.422843,9.4048785,9.445535,9.447426,9.449317,9.456881,9.453099,9.4502625,9.4843005,9.4975375,9.4994285,9.513611,9.532521,9.545758,9.5580495,9.56845,9.566559,9.5637225,9.5656135,9.5769595,9.5731775,9.600597,9.58736,9.58736,9.5845235,9.6034335,9.604379,9.6072155,9.6034335,9.602488,9.621398,9.62518,9.6336895,9.6280165,9.627071,9.634635,9.6412535,9.6431445,9.64409,9.6450355,9.64409,9.6336895,9.6336895,9.640308,9.6261255,9.6355805,9.627071,9.627071,9.6299075,9.6280165,9.619507,9.621398,9.6299075,9.6299075,9.6336895,9.6336895,9.621398,9.628962,9.628962,9.6299075,9.6223435,9.6166705,9.617616,9.630853,9.632744,9.627071,9.6299075,9.636526,9.630853,9.632744,9.6336895,9.628962,9.636526,9.6374715,9.642199,9.6469265,9.642199,9.640308,9.6393625,9.640308,9.6336895
"rep50",8.456542,8.4782885,8.5104355,8.501926,8.4896345,8.500035,8.494362,8.4839615,8.5482555,8.524618,8.511381,8.560547,8.5936395,8.613495,8.6560425,8.734519,8.8205595,8.929292,9.07679,9.127847,9.233743,9.299928,9.3613855,9.3954235,9.3859685,9.4294615,9.45499,9.4578265,9.458772,9.4691725,9.4691725,9.4767365,9.4786275,9.4937555,9.49281,9.523066,9.5448125,9.54954,9.5675045,9.570341,9.558995,9.5750685,9.5656135,9.581687,9.5920875,9.58736,9.5845235,9.5826325,9.5958695,9.594924,9.5977605,9.6034335,9.598706,9.6128885,9.6147795,9.602488,9.604379,9.600597,9.6053245,9.6242345,9.621398,9.62518,9.6166705,9.6242345,9.627071,9.615725,9.6185615,9.602488,9.617616,9.613834,9.6242345,9.617616,9.6109975,9.6204525,9.6166705,9.619507,9.617616,9.610052,9.598706,9.6053245,9.613834,9.6166705,9.615725,9.621398,9.6147795,9.6185615,9.6072155,9.60627,9.613834,9.610052,9.6147795,9.6109975,9.60627,9.6128885,9.619507,9.623289,9.6280165,9.6261255,9.6261255,9.636526
"rep51",8.456542,8.4763975,8.4782885,8.5066535,8.522727,8.507599,8.4915255,8.486798,8.458433,8.473561,8.4915255,8.4707245,8.5085445,8.5293455,8.5841845,8.594585,8.6030945,8.691026,8.740192,8.846088,8.9510385,9.014387,9.0777355,9.112719,9.148648,9.192141,9.2327975,9.294255,9.3481485,9.362331,9.375568,9.4105515,9.4313525,9.4351345,9.4426985,9.4824095,9.485246,9.498483,9.5183385,9.534412,9.536303,9.534412,9.5410305,9.532521,9.53063,9.5467035,9.555213,9.5637225,9.577905,9.5883055,9.58736,9.5977605,9.5977605,9.5939785,9.600597,9.6091065,9.5996515,9.604379,9.6109975,9.6091065,9.623289,9.6280165,9.6317985,9.632744,9.640308,9.642199,9.64409,9.6412535,9.645981,9.638417,9.636526,9.64409,9.64409,9.6412535,9.634635,9.638417,9.638417,9.645981,9.6431445,9.6412535,9.6450355,9.6412535,9.6393625,9.6355805,9.632744,9.638417,9.636526,9.6431445,9.640308,9.6431445,9.6355805,9.6412535,9.640308,9.630853,9.632744,9.638417,9.6412535,9.645981,9.6450355,9.6393625
"rep52",8.4688335,8.5142175,8.4896345,8.5444735,8.4801795,8.507599,8.5009805,8.507599,8.5161085,8.4934165,8.5444735,8.594585,8.64186,8.6881895,8.813941,8.92551,9.0266785,9.105155,9.1666125,9.2554895,9.2933095,9.301819,9.3046555,9.3141105,9.335857,9.3670585,9.3897505,9.437971,9.4521535,9.460663,9.472009,9.4956465,9.500374,9.509829,9.5429215,9.555213,9.547649,9.528739,9.5580495,9.558995,9.5731775,9.581687,9.593033,9.5958695,9.600597,9.6072155,9.611943,9.6147795,9.6128885,9.6072155,9.619507,9.621398,9.610052,9.615725,9.611943,9.608161,9.5958695,9.604379,9.6128885,9.6147795,9.6261255,9.632744,9.6412535,9.64409,9.642199,9.647872,9.651654,9.6525995,9.6563815,9.653545,9.659218,9.659218,9.659218,9.659218,9.659218,9.663,9.663,9.663,9.663,9.663,9.663,9.663,9.663,9.663,9.663,9.663,9.663,9.663,9.663,9.663,9.663,9.663,9.663,9.663,9.663,9.663,9.663,9.663,9.663,9.663
"rep53",8.481125,8.5104355,8.526509,8.535964,8.492471,8.517054,8.5520375,8.613495,8.66077,8.7279005,8.7600475,8.880126,8.96333,9.035188,9.07679,9.1855225,9.2535985,9.311274,9.3594945,9.381241,9.3840775,9.3897505,9.4010965,9.411497,9.4200065,9.4048785,9.3992055,9.434189,9.4464805,9.4748455,9.4824095,9.496592,9.4918645,9.506047,9.5126655,9.5145565,9.524957,9.5183385,9.5183385,9.534412,9.523066,9.5126655,9.51172,9.534412,9.545758,9.5467035,9.560886,9.557104,9.5580495,9.560886,9.5731775,9.5731775,9.5712865,9.5939785,9.598706,9.6091065,9.602488,9.5996515,9.593033,9.5675045,9.562777,9.572232,9.5750685,9.589251,9.589251,9.5712865,9.5807415,9.5769595,9.5712865,9.5901965,9.581687,9.589251,9.574123,9.572232,9.5883055,9.5807415,9.579796,9.598706,9.610052,9.602488,9.613834,9.615725,9.628962,9.627071,9.6355805,9.634635,9.6280165,9.636526,9.6336895,9.6299075,9.6317985,9.6242345,9.6317985,9.630853,9.6374715,9.634635,9.6355805,9.638417,9.634635,9.640308
"rep54",8.4707245,8.5614925,8.4915255,8.5255635,8.505708,8.5255635,8.5558195,8.60404,8.634296,8.6957535,8.7713935,8.859325,8.9586025,9.027624,9.1155555,9.1741765,9.2611625,9.296146,9.309383,9.3576035,9.4124425,9.424734,9.432298,9.4370255,9.43608,9.4691725,9.4843005,9.4994285,9.51172,9.5202295,9.538194,9.536303,9.536303,9.534412,9.540085,9.5485945,9.5750685,9.56845,9.555213,9.5448125,9.5637225,9.564668,9.557104,9.577905,9.5883055,9.5845235,9.577905,9.5807415,9.5807415,9.5939785,9.5939785,9.6072155,9.5977605,9.6091065,9.6166705,9.615725,9.6147795,9.6204525,9.6185615,9.627071,9.630853,9.640308,9.6299075,9.640308,9.6336895,9.6336895,9.6412535,9.6374715,9.6317985,9.6336895,9.632744,9.6336895,9.638417,9.6355805,9.627071,9.6223435,9.6204525,9.621398,9.6393625,9.6336895,9.6299075,9.6261255,9.627071,9.621398,9.6223435,9.621398,9.6280165,9.6336895,9.6393625,9.6431445,9.6431445,9.6412535,9.630853,9.6355805,9.638417,9.636526,9.6450355,9.647872,9.6488175,9.649763
"rep55",8.4858525,8.479234,8.5123265,8.4934165,8.505708,8.4650515,8.498144,8.501926,8.496253,8.511381,8.5284,8.505708,8.537855,8.5520375,8.5993125,8.645642,8.664552,8.740192,8.8148865,8.9283465,9.0247875,9.088136,9.1703945,9.188359,9.248871,9.3141105,9.343421,9.369895,9.3954235,9.4200065,9.432298,9.4483715,9.4616085,9.4824095,9.5032105,9.487137,9.502265,9.494701,9.5032105,9.494701,9.53063,9.524957,9.534412,9.5240115,9.5221205,9.545758,9.538194,9.5504855,9.5467035,9.5504855,9.5769595,9.58736,9.5939785,9.602488,9.6147795,9.6147795,9.610052,9.621398,9.621398,9.6317985,9.6299075,9.634635,9.6336895,9.628962,9.632744,9.627071,9.6299075,9.621398,9.6223435,9.6128885,9.627071,9.6317985,9.630853,9.6280165,9.642199,9.6450355,9.6507085,9.6507085,9.6488175,9.6412535,9.6393625,9.6412535,9.649763,9.647872,9.647872,9.6488175,9.653545,9.6544905,9.659218,9.659218,9.661109,9.6620545,9.663,9.663,9.663,9.663,9.663,9.663,9.663,9.663
"rep56",8.488689,8.492471,8.4499235,8.5293455,8.530291,8.511381,8.4574875,8.5274545,8.5284,8.552983,8.5841845,8.605931,8.6238955,8.674007,8.776121,8.9321285,9.0134415,9.0834085,9.178904,9.250762,9.3008735,9.3594945,9.402042,9.439862,9.4578265,9.4843005,9.5088835,9.5088835,9.517393,9.5240115,9.5277935,9.5221205,9.5296845,9.5410305,9.557104,9.555213,9.5504855,9.5712865,9.572232,9.56845,9.5542675,9.5561585,9.545758,9.5467035,9.5693955,9.5864145,9.5864145,9.5807415,9.5883055,9.593033,9.596815,9.5977605,9.598706,9.591142,9.5864145,9.593033,9.6034335,9.585469,9.596815,9.602488,9.5996515,9.604379,9.589251,9.596815,9.596815,9.591142,9.585469,9.598706,9.608161,9.6128885,9.634635,9.6299075,9.630853,9.6299075,9.6261255,9.62518,9.621398,9.6128885,9.617616,9.6128885,9.615725,9.623289,9.6166705,9.6166705,9.6072155,9.594924,9.608161,9.619507,9.619507,9.615725,9.6109975,9.6223435,9.6204525,9.630853,9.638417,9.6204525,9.6299075,9.623289,9.627071,9.627071
"rep57",8.462215,8.488689,8.473561,8.5047625,8.4953075,8.5255635,8.5577105,8.600258,8.6106585,8.685353,8.7638295,8.8545975,8.955766,9.0644985,9.1741765,9.245089,9.2989825,9.3368025,9.345312,9.3538215,9.3576035,9.37935,9.4086605,9.4408075,9.464445,9.5013195,9.51172,9.5088835,9.5032105,9.487137,9.479573,9.494701,9.51172,9.54954,9.54954,9.5410305,9.545758,9.5485945,9.5523765,9.536303,9.5467035,9.5391395,9.5391395,9.555213,9.56845,9.5731775,9.5693955,9.574123,9.5864145,9.576014,9.585469,9.5883055,9.593033,9.611943,9.619507,9.6223435,9.617616,9.6223435,9.6147795,9.613834,9.621398,9.60627,9.6261255,9.6223435,9.6185615,9.6166705,9.615725,9.6166705,9.6204525,9.6166705,9.617616,9.615725,9.6204525,9.6166705,9.6280165,9.621398,9.6128885,9.6185615,9.6204525,9.6336895,9.628962,9.6280165,9.6261255,9.632744,9.623289,9.619507,9.619507,9.6336895,9.640308,9.640308,9.634635,9.6336895,9.627071,9.636526,9.6374715,9.6317985,9.623289,9.6280165,9.62518,9.62518
"rep58",8.479234,8.5047625,8.4669425,8.494362,8.513272,8.571893,8.5860755,8.605931,8.7335735,8.8337965,8.9340195,9.0115505,9.103264,9.169449,9.2327975,9.296146,9.354767,9.368004,9.390696,9.4200065,9.437971,9.4739,9.481464,9.4880825,9.496592,9.513611,9.502265,9.489028,9.498483,9.5126655,9.515502,9.5259025,9.5353575,9.5580495,9.551431,9.541976,9.547649,9.54954,9.5523765,9.545758,9.543867,9.5542675,9.5618315,9.574123,9.5769595,9.5788505,9.5693955,9.576014,9.5788505,9.5883055,9.5845235,9.5977605,9.5939785,9.5977605,9.600597,9.5996515,9.598706,9.608161,9.6223435,9.623289,9.6223435,9.6242345,9.636526,9.640308,9.632744,9.638417,9.634635,9.6374715,9.642199,9.645981,9.645981,9.64409,9.6488175,9.6525995,9.6601635,9.6582725,9.6601635,9.661109,9.661109,9.6601635,9.6601635,9.6601635,9.661109,9.663,9.663,9.663,9.663,9.663,9.663,9.663,9.663,9.663,9.663,9.663,9.663,9.663,9.663,9.663,9.663,9.663
"rep59",8.4971985,8.524618,8.494362,8.511381,8.5236725,8.541637,8.570002,8.600258,8.702372,8.770448,8.838524,8.916055,8.9529295,9.0266785,9.107046,9.1193375,9.1798495,9.2517075,9.252653,9.263999,9.30371,9.3273475,9.3519305,9.377459,9.3897505,9.3784045,9.409606,9.424734,9.432298,9.4521535,9.477682,9.4824095,9.4861915,9.4767365,9.4937555,9.485246,9.4748455,9.479573,9.479573,9.49281,9.479573,9.490919,9.462554,9.481464,9.500374,9.5032105,9.523066,9.528739,9.541976,9.5504855,9.547649,9.5485945,9.5561585,9.5542675,9.5580495,9.5731775,9.5845235,9.602488,9.594924,9.589251,9.5901965,9.596815,9.5920875,9.5958695,9.6072155,9.617616,9.6128885,9.6147795,9.6015425,9.591142,9.5769595,9.5675045,9.574123,9.579796,9.5807415,9.5807415,9.577905,9.585469,9.589251,9.5788505,9.6034335,9.613834,9.6109975,9.613834,9.6185615,9.6147795,9.621398,9.6204525,9.611943,9.6147795,9.6147795,9.6242345,9.615725,9.6204525,9.6261255,9.632744,9.6299075,9.6355805,9.6469265,9.6469265
"rep60",8.498144,8.500035,8.503817,8.481125,8.4745065,8.5142175,8.456542,8.496253,8.4934165,8.4650515,8.520836,8.5274545,8.492471,8.545419,8.5444735,8.615386,8.7052085,8.81205,8.8810715,9.0399155,9.088136,9.141084,9.2063235,9.267781,9.318838,9.3557125,9.4313525,9.443644,9.4729545,9.4578265,9.485246,9.4918645,9.502265,9.5069925,9.5296845,9.5259025,9.5183385,9.521175,9.5296845,9.538194,9.551431,9.5769595,9.5864145,9.5958695,9.591142,9.5883055,9.600597,9.6053245,9.611943,9.6166705,9.6166705,9.619507,9.615725,9.613834,9.6147795,9.60627,9.60627,9.6072155,9.6072155,9.62518,9.6185615,9.634635,9.636526,9.6299075,9.627071,9.6299075,9.630853,9.6299075,9.632744,9.6355805,9.6336895,9.627071,9.6336895,9.6374715,9.645981,9.6469265,9.6563815,9.659218,9.661109,9.663,9.663,9.663,9.663,9.663,9.663,9.663,9.663,9.663,9.663,9.663,9.663,9.663,9.663,9.663,9.663,9.663,9.663,9.663,9.663,9.663
"rep61",8.462215,8.5255635,8.494362,8.50949,8.526509,8.5123265,8.598367,8.6446965,8.6919715,8.836633,8.9283465,9.0153325,9.129738,9.1703945,9.2365795,9.2687265,9.32262,9.358549,9.369895,9.392587,9.394478,9.405824,9.4143335,9.426625,9.4672815,9.489028,9.4975375,9.498483,9.5088835,9.5164475,9.5164475,9.5164475,9.5296845,9.5410305,9.5580495,9.566559,9.558995,9.5599405,9.566559,9.5731775,9.583578,9.585469,9.589251,9.579796,9.5675045,9.5712865,9.577905,9.56845,9.547649,9.558995,9.5618315,9.566559,9.547649,9.5448125,9.547649,9.54954,9.560886,9.5599405,9.5599405,9.5542675,9.532521,9.536303,9.551431,9.562777,9.570341,9.5731775,9.5826325,9.5826325,9.5883055,9.576014,9.579796,9.572232,9.562777,9.572232,9.585469,9.581687,9.5675045,9.5712865,9.576014,9.593033,9.5901965,9.5958695,9.602488,9.6053245,9.598706,9.6053245,9.604379,9.602488,9.594924,9.600597,9.5996515,9.589251,9.5788505,9.56845,9.5675045,9.5807415,9.5807415,9.577905,9.56845,9.570341
"rep62",8.4953075,8.500035,8.5217815,8.513272,8.511381,8.4971985,8.5028715,8.494362,8.530291,8.4726155,8.505708,8.5804025,8.5747295,8.6276775,8.683462,8.7884125,8.8527065,8.9170005,9.0455885,9.1250105,9.1893045,9.212942,9.2781815,9.3254565,9.375568,9.356658,9.3765135,9.3897505,9.4086605,9.4351345,9.4426985,9.4483715,9.4672815,9.494701,9.504156,9.519284,9.5315755,9.5296845,9.540085,9.553322,9.5656135,9.5637225,9.553322,9.551431,9.541976,9.536303,9.5448125,9.5656135,9.579796,9.591142,9.5883055,9.5939785,9.593033,9.585469,9.577905,9.570341,9.566559,9.566559,9.5504855,9.5448125,9.5637225,9.5637225,9.5731775,9.5618315,9.560886,9.5864145,9.5958695,9.604379,9.589251,9.5769595,9.5864145,9.594924,9.585469,9.5712865,9.5675045,9.564668,9.5675045,9.5561585,9.551431,9.5523765,9.553322,9.5410305,9.5485945,9.5467035,9.560886,9.58736,9.5845235,9.5750685,9.5675045,9.574123,9.5864145,9.589251,9.5996515,9.602488,9.60627,9.6185615,9.615725,9.623289,9.621398,9.6204525
"rep63",8.460324,8.469779,8.4669425,8.47167,8.477343,8.494362,8.5558195,8.5009805,8.5993125,8.630514,8.709936,8.859325,8.950093,9.059771,9.120283,9.203487,9.2498165,9.2762905,9.324511,9.3462575,9.362331,9.392587,9.4370255,9.4597175,9.4616085,9.447426,9.4672815,9.502265,9.5145565,9.532521,9.5277935,9.543867,9.5353575,9.5542675,9.564668,9.5675045,9.5618315,9.54954,9.541976,9.564668,9.5504855,9.5693955,9.5788505,9.5807415,9.5769595,9.5693955,9.577905,9.585469,9.5769595,9.5769595,9.574123,9.581687,9.589251,9.6034335,9.60627,9.6166705,9.619507,9.6166705,9.6109975,9.610052,9.6091065,9.604379,9.6034335,9.602488,9.60627,9.610052,9.6147795,9.60627,9.6053245,9.6166705,9.6223435,9.621398,9.6299075,9.6336895,9.6317985,9.62518,9.630853,9.627071,9.6261255,9.627071,9.628962,9.6261255,9.6280165,9.630853,9.6336895,9.636526,9.6355805,9.630853,9.6317985,9.6299075,9.6412535,9.642199,9.6488175,9.649763,9.645981,9.6431445,9.6507085,9.645981,9.649763,9.6450355
"rep64",8.456542,8.49058,8.486798,8.5009805,8.494362,8.488689,8.5539285,8.4555965,8.507599,8.505708,8.5009805,8.5217815,8.5028715,8.486798,8.50949,8.507599,8.498144,8.4442505,8.541637,8.507599,8.500035,8.554874,8.535964,8.6125495,8.6484785,8.7070995,8.75532,8.8186685,8.8905265,8.976567,9.067335,9.139193,9.20916,9.277236,9.3141105,9.3689495,9.3765135,9.394478,9.4200065,9.4237885,9.4408075,9.4653905,9.466336,9.4729545,9.472009,9.4880825,9.4937555,9.507938,9.5202295,9.5353575,9.5353575,9.534412,9.5391395,9.564668,9.570341,9.5731775,9.585469,9.5920875,9.5920875,9.594924,9.6015425,9.613834,9.602488,9.602488,9.6204525,9.6091065,9.6185615,9.6223435,9.6336895,9.6317985,9.640308,9.645981,9.645981,9.6469265,9.645981,9.645981,9.6469265,9.6525995,9.6544905,9.6544905,9.6544905,9.6507085,9.6507085,9.647872,9.649763,9.6525995,9.6563815,9.6544905,9.6525995,9.647872,9.6469265,9.6469265,9.647872,9.6469265,9.64409,9.649763,9.6469265,9.634635,9.636526,9.627071
"rep65",8.4971985,8.503817,8.49058,8.518945,8.4499235,8.496253,8.5085445,8.5161085,8.5614925,8.5936395,8.592694,8.7222275,8.817723,8.921728,9.063553,9.1439205,9.1968685,9.2668355,9.311274,9.326402,9.364222,9.3992055,9.4426985,9.4739,9.4843005,9.4805185,9.515502,9.521175,9.5296845,9.5296845,9.541976,9.558995,9.574123,9.5845235,9.5920875,9.598706,9.60627,9.6034335,9.594924,9.581687,9.600597,9.615725,9.619507,9.60627,9.5996515,9.600597,9.613834,9.613834,9.6015425,9.5977605,9.6015425,9.5958695,9.610052,9.6109975,9.613834,9.6128885,9.6091065,9.621398,9.627071,9.628962,9.628962,9.610052,9.6128885,9.602488,9.608161,9.600597,9.604379,9.604379,9.6109975,9.6166705,9.617616,9.621398,9.6242345,9.62518,9.623289,9.6128885,9.619507,9.6147795,9.6147795,9.615725,9.6147795,9.6034335,9.6034335,9.6109975,9.600597,9.5996515,9.611943,9.6147795,9.619507,9.6242345,9.6261255,9.6242345,9.613834,9.62518,9.6355805,9.6374715,9.642199,9.638417,9.642199,9.651654
"rep66",8.486798,8.486798,8.4820705,8.486798,8.4934165,8.5520375,8.5028715,8.50949,8.5293455,8.5614925,8.6295685,8.7203365,8.8545975,8.94442,9.0550435,9.103264,9.139193,9.180795,9.2271245,9.273454,9.309383,9.328293,9.337748,9.371786,9.381241,9.3821865,9.407715,9.445535,9.4578265,9.4332435,9.451208,9.4597175,9.475791,9.487137,9.509829,9.5202295,9.536303,9.5296845,9.523066,9.526848,9.5372485,9.523066,9.526848,9.538194,9.5504855,9.558995,9.579796,9.5845235,9.58736,9.5864145,9.5826325,9.5883055,9.5996515,9.6072155,9.6034335,9.604379,9.610052,9.613834,9.6185615,9.613834,9.628962,9.628962,9.630853,9.6185615,9.613834,9.6223435,9.619507,9.636526,9.634635,9.6317985,9.6317985,9.6317985,9.6280165,9.617616,9.6223435,9.6185615,9.621398,9.6261255,9.634635,9.6393625,9.6412535,9.647872,9.645981,9.642199,9.6450355,9.6431445,9.6393625,9.6431445,9.6450355,9.640308,9.649763,9.6488175,9.651654,9.6507085,9.6488175,9.647872,9.6488175,9.645981,9.6469265,9.642199
"rep67",8.430068,8.4877435,8.481125,8.469779,8.522727,8.5009805,8.539746,8.511381,8.5539285,8.5520375,8.5766205,8.6711705,8.6976445,8.7732845,8.851761,8.934965,9.0550435,9.1439205,9.203487,9.243198,9.2819635,9.339639,9.3613855,9.420952,9.449317,9.4559355,9.4559355,9.458772,9.4540445,9.4843005,9.523066,9.53063,9.5410305,9.540085,9.536303,9.541976,9.562777,9.553322,9.5391395,9.545758,9.551431,9.5561585,9.560886,9.5731775,9.5693955,9.5675045,9.5675045,9.576014,9.5750685,9.589251,9.593033,9.5958695,9.600597,9.6091065,9.60627,9.6034335,9.598706,9.6053245,9.591142,9.589251,9.5845235,9.596815,9.5996515,9.610052,9.600597,9.5883055,9.593033,9.583578,9.58736,9.5883055,9.5939785,9.6015425,9.604379,9.5977605,9.600597,9.5996515,9.5996515,9.5864145,9.585469,9.5807415,9.579796,9.591142,9.5826325,9.5845235,9.5807415,9.581687,9.5883055,9.589251,9.596815,9.6034335,9.596815,9.5920875,9.596815,9.611943,9.6223435,9.6261255,9.619507,9.6393625,9.638417,9.6431445
"rep68",8.4915255,8.492471,8.558656,8.5463645,8.5558195,8.598367,8.6806255,8.692917,8.7921945,8.882017,8.989804,9.0909725,9.167558,9.2327975,9.3160015,9.349094,9.368004,9.402042,9.409606,9.434189,9.4578265,9.490919,9.5088835,9.5221205,9.5277935,9.5202295,9.51172,9.5296845,9.5296845,9.5334665,9.5221205,9.5164475,9.519284,9.526848,9.5372485,9.551431,9.5769595,9.5656135,9.5750685,9.572232,9.5675045,9.576014,9.5731775,9.5693955,9.5769595,9.5712865,9.5769595,9.593033,9.600597,9.608161,9.589251,9.5788505,9.577905,9.5920875,9.5807415,9.598706,9.591142,9.5769595,9.58736,9.5901965,9.598706,9.608161,9.6166705,9.619507,9.6223435,9.619507,9.6072155,9.610052,9.6091065,9.619507,9.6223435,9.6242345,9.6147795,9.621398,9.6261255,9.634635,9.634635,9.640308,9.6450355,9.6336895,9.638417,9.638417,9.6355805,9.6374715,9.638417,9.640308,9.6488175,9.651654,9.6525995,9.6544905,9.6525995,9.653545,9.6507085,9.651654,9.649763,9.647872,9.651654,9.649763,9.6450355,9.642199
"rep69",8.479234,8.4915255,8.484907,8.496253,8.5236725,8.500035,8.4896345,8.50949,8.5255635,8.530291,8.5898575,8.570002,8.649424,8.742083,8.798813,8.8697255,8.9718395,9.0436975,9.1382475,9.205378,9.241307,9.298037,9.358549,9.371786,9.377459,9.409606,9.424734,9.4559355,9.4540445,9.4672815,9.483355,9.472009,9.483355,9.4975375,9.5221205,9.5391395,9.5410305,9.540085,9.551431,9.558995,9.5769595,9.576014,9.5845235,9.572232,9.5750685,9.5807415,9.5883055,9.5807415,9.589251,9.581687,9.5883055,9.591142,9.596815,9.594924,9.5901965,9.589251,9.5864145,9.5901965,9.6015425,9.6185615,9.6242345,9.6261255,9.6261255,9.636526,9.632744,9.632744,9.6336895,9.6355805,9.628962,9.6355805,9.630853,9.628962,9.632744,9.6336895,9.628962,9.623289,9.636526,9.6280165,9.6261255,9.632744,9.638417,9.6393625,9.6355805,9.636526,9.632744,9.6355805,9.6412535,9.6431445,9.638417,9.6450355,9.64409,9.6374715,9.6374715,9.6355805,9.6336895,9.6280165,9.634635,9.638417,9.6393625,9.6525995
"rep70",8.4518145,8.486798,8.5161085,8.511381,8.522727,8.505708,8.568111,8.5274545,8.58513,8.607822,8.719391,8.810159,8.8848535,8.9718395,9.0531525,9.1193375,9.1628305,9.1836315,9.2346885,9.3065465,9.3443665,9.3859685,9.4218975,9.441753,9.4389165,9.4616085,9.485246,9.517393,9.5051015,9.5277935,9.534412,9.538194,9.555213,9.551431,9.5599405,9.577905,9.589251,9.5920875,9.594924,9.5807415,9.583578,9.594924,9.5920875,9.5939785,9.6015425,9.604379,9.600597,9.6147795,9.6185615,9.6091065,9.6091065,9.6015425,9.6034335,9.6053245,9.6185615,9.6261255,9.6299075,9.623289,9.617616,9.617616,9.615725,9.617616,9.62518,9.617616,9.6109975,9.615725,9.6204525,9.6204525,9.619507,9.621398,9.6128885,9.6242345,9.617616,9.621398,9.6204525,9.6204525,9.6280165,9.630853,9.6242345,9.6166705,9.608161,9.621398,9.6223435,9.621398,9.621398,9.62518,9.630853,9.634635,9.636526,9.630853,9.628962,9.628962,9.636526,9.6317985,9.6166705,9.6185615,9.615725,9.621398,9.617616,9.611943
"rep71",8.5009805,8.4896345,8.518945,8.5142175,8.543528,8.464106,8.4726155,8.5293455,8.5179995,8.5558195,8.570002,8.594585,8.653206,8.708045,8.766666,8.889581,8.970894,9.0436975,9.093809,9.15243,9.20916,9.2403615,9.30371,9.3254565,9.362331,9.3689495,9.3992055,9.426625,9.458772,9.483355,9.468227,9.4748455,9.489028,9.49281,9.507938,9.5164475,9.5221205,9.5353575,9.553322,9.585469,9.602488,9.596815,9.6053245,9.5901965,9.596815,9.600597,9.6015425,9.600597,9.5996515,9.594924,9.6034335,9.60627,9.6147795,9.6223435,9.6280165,9.623289,9.6299075,9.6355805,9.6374715,9.640308,9.645981,9.649763,9.6507085,9.649763,9.6525995,9.6525995,9.651654,9.653545,9.6469265,9.6450355,9.64409,9.6469265,9.651654,9.6544905,9.655436,9.6582725,9.6563815,9.653545,9.659218,9.659218,9.6601635,9.6563815,9.6563815,9.655436,9.6525995,9.657327,9.6563815,9.6563815,9.649763,9.649763,9.6507085,9.653545,9.653545,9.6525995,9.653545,9.6582725,9.657327,9.661109,9.663,9.663
"rep72",8.479234,8.456542,8.5104355,8.5350185,8.535964,8.5028715,8.534073,8.611604,8.696699,8.7316825,8.836633,8.938747,8.999259,9.093809,9.165667,9.224288,9.258326,9.326402,9.37935,9.3802955,9.39826,9.4181155,9.456881,9.4748455,9.4956465,9.53063,9.526848,9.540085,9.5523765,9.5656135,9.5675045,9.5769595,9.576014,9.577905,9.5712865,9.570341,9.5656135,9.5845235,9.585469,9.5920875,9.5864145,9.5883055,9.5769595,9.591142,9.5958695,9.6053245,9.6072155,9.613834,9.613834,9.621398,9.62518,9.640308,9.6393625,9.64409,9.6469265,9.64409,9.6469265,9.64409,9.6488175,9.6488175,9.6450355,9.640308,9.64409,9.6450355,9.647872,9.64409,9.634635,9.6355805,9.6374715,9.634635,9.6355805,9.6317985,9.642199,9.6469265,9.64409,9.6393625,9.638417,9.6355805,9.632744,9.6280165,9.6317985,9.628962,9.6317985,9.634635,9.634635,9.6412535,9.6393625,9.630853,9.634635,9.642199,9.6431445,9.645981,9.6469265,9.64409,9.642199,9.6469265,9.6469265,9.6525995,9.657327,9.653545
"rep73",8.469779,8.507599,8.505708,8.4971985,8.4782885,8.505708,8.5463645,8.587021,8.5841845,8.745865,8.8111045,8.904709,8.9415835,9.052207,9.1420295,9.178904,9.231852,9.2195605,9.271563,9.3084375,9.332075,9.3462575,9.371786,9.383132,9.4067695,9.434189,9.456881,9.4729545,9.504156,9.5164475,9.532521,9.5372485,9.53063,9.56845,9.566559,9.5807415,9.5883055,9.5939785,9.5920875,9.6072155,9.60627,9.60627,9.6204525,9.617616,9.619507,9.6280165,9.6317985,9.638417,9.6393625,9.6374715,9.632744,9.6469265,9.6488175,9.6450355,9.636526,9.6355805,9.634635,9.64409,9.6488175,9.6563815,9.657327,9.6620545,9.6620545,9.663,9.663,9.663,9.663,9.663,9.663,9.663,9.663,9.663,9.663,9.663,9.663,9.663,9.663,9.663,9.663,9.663,9.663,9.663,9.663,9.663,9.663,9.663,9.663,9.663,9.663,9.663,9.663,9.663,9.663,9.663,9.663,9.663,9.663,9.663,9.663,9.663
"rep74",8.475452,8.4669425,8.5350185,8.4820705,8.49058,8.5369095,8.496253,8.5217815,8.5558195,8.6106585,8.721282,8.8337965,8.914164,8.951984,9.0455885,9.110828,9.146757,9.195923,9.241307,9.296146,9.3462575,9.356658,9.3727315,9.381241,9.4067695,9.4540445,9.4597175,9.4918645,9.500374,9.504156,9.504156,9.507938,9.5032105,9.494701,9.5259025,9.54954,9.53063,9.532521,9.5277935,9.540085,9.5410305,9.5410305,9.5353575,9.5485945,9.545758,9.5429215,9.5334665,9.5410305,9.543867,9.5523765,9.5523765,9.564668,9.5656135,9.5769595,9.5977605,9.6034335,9.594924,9.596815,9.60627,9.5958695,9.594924,9.5920875,9.583578,9.577905,9.574123,9.5845235,9.593033,9.6015425,9.598706,9.613834,9.6185615,9.6185615,9.615725,9.613834,9.611943,9.6147795,9.60627,9.5996515,9.5958695,9.585469,9.5883055,9.5864145,9.5845235,9.5883055,9.5769595,9.577905,9.581687,9.5958695,9.6034335,9.610052,9.6147795,9.6261255,9.642199,9.647872,9.647872,9.653545,9.653545,9.6620545,9.661109,9.661109
"rep75",8.4896345,8.5236725,8.4782885,8.535964,8.526509,8.524618,8.50949,8.4745065,8.479234,8.4915255,8.462215,8.5161085,8.4763975,8.4650515,8.4820705,8.507599,8.532182,8.541637,8.5142175,8.626732,8.6465875,8.6957535,8.8111045,8.9453655,9.0077685,9.137302,9.184577,9.2271245,9.256435,9.2848,9.330184,9.3368025,9.362331,9.3689495,9.39826,9.413388,9.432298,9.4464805,9.468227,9.4975375,9.502265,9.4975375,9.490919,9.502265,9.4767365,9.4918645,9.5069925,9.5221205,9.5353575,9.5391395,9.5523765,9.558995,9.5693955,9.5750685,9.5769595,9.560886,9.553322,9.5731775,9.5939785,9.5939785,9.5807415,9.566559,9.5826325,9.600597,9.610052,9.6072155,9.6166705,9.617616,9.6261255,9.62518,9.627071,9.6299075,9.6261255,9.6317985,9.6374715,9.6374715,9.6374715,9.628962,9.6261255,9.632744,9.6393625,9.6412535,9.640308,9.640308,9.6412535,9.638417,9.640308,9.640308,9.64409,9.645981,9.6507085,9.645981,9.6488175,9.6507085,9.6488175,9.6488175,9.6431445,9.6412535,9.6374715,9.6355805
"rep76",8.486798,8.479234,8.4669425,8.5142175,8.5028715,8.4726155,8.5369095,8.501926,8.5577105,8.630514,8.715609,8.7865215,8.936856,9.0153325,9.084354,9.1439205,9.1968685,9.2271245,9.288582,9.307492,9.366113,9.386914,9.4218975,9.458772,9.4843005,9.490919,9.5145565,9.5202295,9.5372485,9.5145565,9.5202295,9.5069925,9.504156,9.485246,9.500374,9.509829,9.521175,9.526848,9.536303,9.532521,9.560886,9.5712865,9.581687,9.589251,9.5920875,9.6034335,9.5977605,9.60627,9.604379,9.610052,9.6128885,9.6204525,9.6128885,9.623289,9.6223435,9.6242345,9.627071,9.6299075,9.6261255,9.62518,9.638417,9.64409,9.636526,9.642199,9.645981,9.6507085,9.651654,9.6507085,9.653545,9.6563815,9.657327,9.6563815,9.6563815,9.659218,9.6601635,9.6620545,9.6601635,9.6601635,9.6620545,9.6620545,9.663,9.663,9.663,9.663,9.663,9.663,9.663,9.663,9.663,9.663,9.663,9.663,9.663,9.663,9.663,9.663,9.663,9.663,9.663,9.663
"rep77",8.484907,8.5274545,8.483016,8.524618,8.524618,8.5293455,8.534073,8.5520375,8.5747295,8.615386,8.734519,8.8999815,8.933074,9.0361335,9.088136,9.129738,9.20916,9.271563,9.3160015,9.352876,9.364222,9.390696,9.4048785,9.4162245,9.4218975,9.432298,9.428516,9.411497,9.4181155,9.4332435,9.445535,9.45499,9.462554,9.4748455,9.4918645,9.5107745,9.5221205,9.517393,9.5202295,9.5183385,9.515502,9.515502,9.506047,9.5107745,9.5202295,9.5221205,9.5202295,9.526848,9.545758,9.536303,9.5467035,9.5580495,9.5599405,9.5712865,9.56845,9.5561585,9.5542675,9.5523765,9.5599405,9.56845,9.581687,9.5864145,9.5977605,9.6166705,9.628962,9.621398,9.6185615,9.621398,9.6147795,9.611943,9.6147795,9.6204525,9.6185615,9.6166705,9.62518,9.6261255,9.623289,9.628962,9.617616,9.6053245,9.6015425,9.604379,9.5977605,9.602488,9.5958695,9.604379,9.591142,9.5939785,9.596815,9.6072155,9.60627,9.5977605,9.5996515,9.602488,9.589251,9.5883055,9.5958695,9.596815,9.610052,9.613834
"rep78",8.464106,8.4801795,8.462215,8.4820705,8.488689,8.5293455,8.5406915,8.549201,8.6295685,8.6560425,8.7070995,8.7884125,8.9207825,9.006823,9.1061005,9.1495935,9.1874135,9.2006505,9.2914185,9.309383,9.3500395,9.3878595,9.3973145,9.4389165,9.447426,9.464445,9.4634995,9.4502625,9.4805185,9.494701,9.4918645,9.51172,9.5164475,9.524957,9.4937555,9.5315755,9.5448125,9.540085,9.5618315,9.562777,9.576014,9.5656135,9.579796,9.58736,9.5920875,9.598706,9.6147795,9.613834,9.615725,9.6299075,9.621398,9.638417,9.6336895,9.638417,9.634635,9.6374715,9.6374715,9.638417,9.6374715,9.628962,9.623289,9.613834,9.6261255,9.632744,9.6355805,9.628962,9.6166705,9.621398,9.621398,9.6242345,9.6317985,9.6317985,9.6374715,9.640308,9.6431445,9.636526,9.642199,9.642199,9.647872,9.6525995,9.6488175,9.645981,9.6507085,9.649763,9.655436,9.653545,9.6525995,9.6544905,9.6563815,9.659218,9.6601635,9.661109,9.6620545,9.663,9.663,9.663,9.663,9.663,9.663,9.663
"rep79",8.4934165,8.520836,8.520836,8.5274545,8.515163,8.552983,8.619168,8.721282,8.8602705,8.9794035,9.071117,9.1193375,9.1930865,9.252653,9.269672,9.3008735,9.345312,9.377459,9.3727315,9.411497,9.430407,9.426625,9.4502625,9.4805185,9.5145565,9.528739,9.5315755,9.540085,9.5334665,9.528739,9.5353575,9.532521,9.5353575,9.5353575,9.545758,9.5448125,9.555213,9.545758,9.54954,9.5561585,9.551431,9.5353575,9.5467035,9.557104,9.5542675,9.545758,9.557104,9.56845,9.5637225,9.574123,9.581687,9.574123,9.5731775,9.581687,9.574123,9.56845,9.566559,9.566559,9.5580495,9.553322,9.553322,9.5580495,9.560886,9.5769595,9.579796,9.576014,9.5958695,9.598706,9.60627,9.623289,9.6299075,9.6261255,9.62518,9.632744,9.64409,9.642199,9.6488175,9.64409,9.642199,9.6450355,9.6582725,9.6601635,9.6620545,9.663,9.663,9.663,9.663,9.663,9.663,9.663,9.663,9.663,9.663,9.663,9.663,9.663,9.663,9.663,9.663,9.663
"rep80",8.498144,8.494362,8.4726155,8.513272,8.481125,8.513272,8.4820705,8.492471,8.539746,8.558656,8.64186,8.725064,8.77423,8.8659435,8.9396925,8.999259,9.0436975,9.1420295,9.2157785,9.250762,9.3103285,9.335857,9.371786,9.3821865,9.405824,9.4200065,9.4143335,9.4256795,9.4408075,9.4710635,9.4824095,9.4975375,9.487137,9.483355,9.506047,9.504156,9.51172,9.5296845,9.5429215,9.5391395,9.5391395,9.543867,9.538194,9.558995,9.5485945,9.5561585,9.5561585,9.5769595,9.5845235,9.564668,9.551431,9.555213,9.562777,9.564668,9.5656135,9.562777,9.560886,9.553322,9.5542675,9.5353575,9.553322,9.557104,9.5523765,9.5467035,9.54954,9.54954,9.566559,9.560886,9.56845,9.5618315,9.5750685,9.56845,9.56845,9.5618315,9.5599405,9.5675045,9.5788505,9.5788505,9.585469,9.594924,9.6034335,9.5977605,9.5769595,9.5731775,9.591142,9.5996515,9.6053245,9.617616,9.619507,9.619507,9.6261255,9.6280165,9.628962,9.6317985,9.6336895,9.630853,9.636526,9.634635,9.628962,9.6223435
"rep81",8.494362,8.47167,8.4669425,8.526509,8.492471,8.501926,8.473561,8.492471,8.5236725,8.4858525,8.526509,8.5652745,8.6125495,8.73641,8.8394695,8.9794035,9.054098,9.0985365,9.1495935,9.2119965,9.267781,9.3122195,9.313165,9.3462575,9.3821865,9.402042,9.4086605,9.424734,9.4616085,9.479573,9.5013195,9.513611,9.507938,9.519284,9.5164475,9.5259025,9.5504855,9.564668,9.5467035,9.551431,9.5429215,9.51172,9.5126655,9.5259025,9.517393,9.507938,9.528739,9.5334665,9.5410305,9.524957,9.521175,9.534412,9.526848,9.5315755,9.519284,9.5353575,9.5599405,9.5523765,9.564668,9.5807415,9.5883055,9.6072155,9.600597,9.60627,9.610052,9.610052,9.604379,9.6072155,9.613834,9.615725,9.62518,9.6204525,9.6299075,9.627071,9.627071,9.6412535,9.640308,9.640308,9.6412535,9.6412535,9.634635,9.6336895,9.632744,9.6336895,9.634635,9.6374715,9.6355805,9.630853,9.636526,9.634635,9.6204525,9.6299075,9.638417,9.64409,9.638417,9.636526,9.6299075,9.632744,9.611943,9.6147795
"rep82",8.49058,8.488689,8.4782885,8.4971985,8.5179995,8.5217815,8.5444735,8.5671655,8.5974215,8.636187,8.7052085,8.7581565,8.842306,8.8943085,8.9888585,9.05788,9.1136645,9.19025,9.224288,9.2290155,9.263999,9.3141105,9.3481485,9.3727315,9.4010965,9.430407,9.441753,9.4616085,9.4370255,9.468227,9.4937555,9.5051015,9.509829,9.524957,9.5259025,9.540085,9.551431,9.555213,9.5675045,9.583578,9.5958695,9.602488,9.6109975,9.610052,9.6091065,9.5977605,9.608161,9.602488,9.6034335,9.608161,9.596815,9.602488,9.5939785,9.591142,9.581687,9.5807415,9.585469,9.5901965,9.5901965,9.581687,9.581687,9.591142,9.579796,9.593033,9.6053245,9.604379,9.6072155,9.608161,9.5996515,9.604379,9.5996515,9.6147795,9.6147795,9.62518,9.6091065,9.6091065,9.617616,9.610052,9.6261255,9.630853,9.6393625,9.6393625,9.638417,9.6355805,9.630853,9.634635,9.6393625,9.6280165,9.6223435,9.613834,9.6242345,9.619507,9.6147795,9.611943,9.619507,9.6072155,9.615725,9.604379,9.6128885,9.6280165
"rep83",8.462215,8.5425825,8.4953075,8.498144,8.556765,8.515163,8.592694,8.6654975,8.753429,8.8092135,8.883908,8.957657,9.0266785,9.093809,9.195923,9.2479255,9.318838,9.3462575,9.358549,9.4029875,9.426625,9.43608,9.434189,9.4559355,9.4824095,9.481464,9.490919,9.496592,9.5372485,9.5485945,9.543867,9.5448125,9.538194,9.5296845,9.5315755,9.532521,9.526848,9.558995,9.5467035,9.566559,9.56845,9.5750685,9.5883055,9.5637225,9.547649,9.545758,9.5485945,9.5429215,9.5353575,9.5618315,9.5637225,9.5712865,9.5977605,9.591142,9.589251,9.5864145,9.5712865,9.574123,9.5826325,9.591142,9.5864145,9.589251,9.5864145,9.610052,9.6091065,9.60627,9.613834,9.6223435,9.632744,9.6299075,9.6280165,9.627071,9.628962,9.636526,9.628962,9.627071,9.628962,9.6317985,9.6317985,9.6355805,9.6450355,9.6507085,9.649763,9.647872,9.6431445,9.6450355,9.6431445,9.6450355,9.645981,9.649763,9.653545,9.657327,9.6488175,9.6525995,9.649763,9.6412535,9.64409,9.6525995,9.649763,9.6488175
"rep84",8.462215,8.5104355,8.5104355,8.503817,8.4934165,8.4820705,8.45276,8.4726155,8.50949,8.494362,8.462215,8.56622,8.4593785,8.4839615,8.5047625,8.5728385,8.6163315,8.571893,8.647533,8.734519,8.804486,8.9415835,9.0039865,9.055989,9.13352,9.1590485,9.22807,9.311274,9.3462575,9.358549,9.3802955,9.403933,9.4408075,9.4445895,9.468227,9.498483,9.4861915,9.517393,9.5164475,9.517393,9.5202295,9.5315755,9.5202295,9.558995,9.5618315,9.562777,9.5750685,9.5788505,9.5845235,9.596815,9.6053245,9.594924,9.613834,9.6128885,9.623289,9.6242345,9.627071,9.6336895,9.634635,9.6280165,9.6223435,9.6185615,9.628962,9.6242345,9.621398,9.6166705,9.6280165,9.62518,9.630853,9.623289,9.627071,9.632744,9.6261255,9.6166705,9.619507,9.6185615,9.621398,9.6223435,9.632744,9.638417,9.6336895,9.6299075,9.627071,9.6261255,9.6242345,9.634635,9.6336895,9.636526,9.64409,9.6450355,9.64409,9.6412535,9.636526,9.6412535,9.636526,9.640308,9.636526,9.6374715,9.6412535,9.6393625
"rep85",8.4839615,8.5142175,8.5198905,8.50949,8.5028715,8.5161085,8.479234,8.5217815,8.5501465,8.56622,8.653206,8.740192,8.8167775,8.923619,9.0266785,9.086245,9.173231,9.212942,9.271563,9.311274,9.3330205,9.3708405,9.413388,9.4237885,9.464445,9.481464,9.481464,9.4994285,9.4786275,9.468227,9.4729545,9.468227,9.4918645,9.4861915,9.4691725,9.4729545,9.470118,9.4843005,9.4880825,9.513611,9.506047,9.5069925,9.51172,9.500374,9.5145565,9.5183385,9.519284,9.519284,9.523066,9.523066,9.5126655,9.5202295,9.53063,9.524957,9.5277935,9.534412,9.5353575,9.5183385,9.5221205,9.553322,9.558995,9.5485945,9.5485945,9.5467035,9.562777,9.56845,9.5845235,9.5883055,9.576014,9.5637225,9.555213,9.551431,9.558995,9.547649,9.54954,9.5410305,9.555213,9.545758,9.560886,9.560886,9.5675045,9.576014,9.581687,9.5693955,9.5731775,9.579796,9.5788505,9.5920875,9.5996515,9.596815,9.594924,9.5920875,9.589251,9.594924,9.594924,9.594924,9.5958695,9.5977605,9.5883055,9.58736
"rep86",8.484907,8.501926,8.4915255,8.5388005,8.5284,8.532182,8.573784,8.5955305,8.7297915,8.838524,8.995477,9.03897,9.1193375,9.2252335,9.2743995,9.281018,9.2857455,9.3405845,9.3594945,9.352876,9.396369,9.403933,9.419061,9.4502625,9.4786275,9.509829,9.5032105,9.509829,9.509829,9.5126655,9.513611,9.5429215,9.54954,9.5429215,9.5618315,9.5712865,9.5901965,9.598706,9.596815,9.5939785,9.5864145,9.596815,9.598706,9.594924,9.593033,9.5996515,9.6034335,9.613834,9.604379,9.6109975,9.6053245,9.6091065,9.6128885,9.6053245,9.604379,9.6053245,9.611943,9.6015425,9.608161,9.610052,9.613834,9.619507,9.6091065,9.621398,9.6185615,9.6072155,9.613834,9.615725,9.6147795,9.617616,9.62518,9.6204525,9.6204525,9.6280165,9.6185615,9.62518,9.617616,9.621398,9.62518,9.6299075,9.6317985,9.6317985,9.6317985,9.6299075,9.6355805,9.6317985,9.6336895,9.6336895,9.630853,9.6299075,9.627071,9.6261255,9.634635,9.6317985,9.628962,9.6299075,9.6374715,9.6450355,9.649763,9.651654
"rep87",8.4877435,8.5009805,8.5161085,8.4858525,8.496253,8.4839615,8.4990895,8.4896345,8.492471,8.4915255,8.469779,8.486798,8.5085445,8.4688335,8.522727,8.5785115,8.575675,8.630514,8.7543745,8.77423,8.836633,8.900927,9.0077685,9.080572,9.177013,9.231852,9.2848,9.3330205,9.3557125,9.3916415,9.4351345,9.4843005,9.5353575,9.540085,9.558995,9.5845235,9.5864145,9.589251,9.5883055,9.593033,9.604379,9.6053245,9.6034335,9.611943,9.602488,9.593033,9.6034335,9.6015425,9.5977605,9.6166705,9.6261255,9.628962,9.628962,9.638417,9.6507085,9.6525995,9.649763,9.6488175,9.649763,9.649763,9.6544905,9.6507085,9.649763,9.6469265,9.6488175,9.6525995,9.655436,9.655436,9.653545,9.6525995,9.651654,9.659218,9.6582725,9.657327,9.653545,9.647872,9.647872,9.6507085,9.651654,9.645981,9.6412535,9.6393625,9.6412535,9.6336895,9.634635,9.6412535,9.640308,9.6374715,9.6525995,9.651654,9.6563815,9.6563815,9.6563815,9.6544905,9.657327,9.6563815,9.655436,9.657327,9.6563815,9.6563815
"rep88",8.5104355,8.4934165,8.458433,8.475452,8.4896345,8.5104355,8.4877435,8.50949,8.5274545,8.556765,8.5728385,8.62295,8.6692795,8.7808485,8.8735075,8.9453655,9.014387,9.129738,9.2119965,9.2498165,9.263999,9.2952005,9.34153,9.358549,9.3746225,9.4029875,9.43608,9.428516,9.4634995,9.4843005,9.4805185,9.4956465,9.4937555,9.5069925,9.5126655,9.504156,9.5051015,9.5013195,9.5145565,9.5391395,9.532521,9.54954,9.5580495,9.581687,9.5826325,9.5769595,9.5845235,9.583578,9.5920875,9.5958695,9.5845235,9.5958695,9.5883055,9.600597,9.5826325,9.5826325,9.583578,9.5883055,9.598706,9.6053245,9.598706,9.6072155,9.60627,9.621398,9.6147795,9.615725,9.6072155,9.610052,9.6015425,9.6034335,9.5901965,9.5977605,9.5845235,9.5883055,9.593033,9.574123,9.602488,9.5901965,9.5788505,9.572232,9.5580495,9.5712865,9.5769595,9.5845235,9.5750685,9.5845235,9.594924,9.6034335,9.6072155,9.610052,9.619507,9.623289,9.6242345,9.615725,9.608161,9.619507,9.615725,9.6053245,9.604379,9.6091065
"rep89",8.4820705,8.488689,8.5331275,8.5123265,8.5028715,8.465997,8.4934165,8.5047625,8.5596015,8.571893,8.6371325,8.721282,8.819614,8.885799,8.9302375,9.042752,9.139193,9.17134,9.2082145,9.271563,9.305601,9.3235655,9.3481485,9.390696,9.4181155,9.4502625,9.464445,9.494701,9.494701,9.5145565,9.526848,9.5296845,9.5410305,9.560886,9.5807415,9.5807415,9.58736,9.5826325,9.58736,9.5788505,9.5637225,9.5731775,9.5712865,9.5883055,9.5901965,9.5731775,9.572232,9.576014,9.577905,9.5901965,9.596815,9.5977605,9.6053245,9.611943,9.6072155,9.608161,9.613834,9.6053245,9.600597,9.602488,9.5977605,9.58736,9.596815,9.6109975,9.6091065,9.608161,9.5996515,9.6091065,9.6034335,9.60627,9.6109975,9.604379,9.6072155,9.613834,9.6147795,9.611943,9.6072155,9.608161,9.60627,9.6204525,9.623289,9.619507,9.62518,9.621398,9.64409,9.649763,9.655436,9.6544905,9.6563815,9.655436,9.6544905,9.653545,9.657327,9.6563815,9.6563815,9.657327,9.653545,9.653545,9.6507085,9.645981
"rep90",8.469779,8.513272,8.526509,8.4877435,8.511381,8.4877435,8.4669425,8.507599,8.532182,8.526509,8.556765,8.5539285,8.664552,8.7316825,8.7808485,8.916055,9.0039865,9.101373,9.180795,9.2611625,9.2725085,9.301819,9.32262,9.3538215,9.396369,9.4105515,9.409606,9.4237885,9.4389165,9.4559355,9.4616085,9.4805185,9.4634995,9.45499,9.4691725,9.4597175,9.4653905,9.4786275,9.475791,9.4975375,9.502265,9.5183385,9.5315755,9.517393,9.5296845,9.5296845,9.524957,9.526848,9.5334665,9.5580495,9.5523765,9.5731775,9.577905,9.5750685,9.576014,9.581687,9.591142,9.604379,9.611943,9.5977605,9.591142,9.6034335,9.5920875,9.5901965,9.589251,9.5769595,9.5731775,9.562777,9.5807415,9.5693955,9.585469,9.598706,9.6053245,9.5977605,9.617616,9.6072155,9.6091065,9.623289,9.6242345,9.627071,9.6261255,9.6242345,9.60627,9.613834,9.608161,9.6109975,9.6242345,9.6299075,9.634635,9.6450355,9.6488175,9.6544905,9.657327,9.659218,9.659218,9.6620545,9.663,9.663,9.663,9.663
"rep91",8.4971985,8.4688335,8.4990895,8.4442505,8.4669425,8.4820705,8.500035,8.5369095,8.5539285,8.552983,8.6182225,8.675898,8.768557,8.8810715,8.967112,9.054098,9.120283,9.211051,9.2649445,9.294255,9.3462575,9.3632765,9.3746225,9.400151,9.422843,9.437971,9.464445,9.498483,9.502265,9.4880825,9.5069925,9.5164475,9.5542675,9.5618315,9.566559,9.5901965,9.6034335,9.6147795,9.6223435,9.623289,9.632744,9.6374715,9.6317985,9.621398,9.6261255,9.627071,9.628962,9.632744,9.634635,9.6393625,9.642199,9.6355805,9.6336895,9.623289,9.610052,9.615725,9.6166705,9.632744,9.638417,9.634635,9.630853,9.628962,9.627071,9.628962,9.630853,9.6242345,9.6223435,9.6242345,9.628962,9.6280165,9.6299075,9.640308,9.6374715,9.6393625,9.6431445,9.64409,9.64409,9.6469265,9.6488175,9.6488175,9.6525995,9.653545,9.6544905,9.6563815,9.647872,9.6488175,9.651654,9.655436,9.6525995,9.6601635,9.6582725,9.659218,9.661109,9.661109,9.663,9.663,9.663,9.663,9.663,9.663
"rep92",8.479234,8.475452,8.4990895,8.473561,8.448978,8.5123265,8.5236725,8.5142175,8.4745065,8.483016,8.5142175,8.498144,8.494362,8.498144,8.5161085,8.526509,8.5388005,8.5236725,8.5520375,8.573784,8.6636065,8.7770665,8.8375785,8.86878,8.986022,9.078681,9.142975,9.203487,9.2479255,9.2668355,9.290473,9.3311295,9.362331,9.386914,9.407715,9.4200065,9.419061,9.4521535,9.4729545,9.485246,9.4880825,9.5145565,9.5202295,9.5372485,9.555213,9.566559,9.574123,9.579796,9.598706,9.593033,9.5901965,9.5920875,9.5958695,9.6053245,9.6166705,9.6185615,9.6242345,9.619507,9.6204525,9.623289,9.621398,9.627071,9.6261255,9.630853,9.628962,9.630853,9.621398,9.613834,9.6166705,9.6242345,9.623289,9.6223435,9.617616,9.6299075,9.619507,9.6204525,9.6147795,9.617616,9.615725,9.6091065,9.621398,9.615725,9.615725,9.627071,9.627071,9.634635,9.634635,9.6431445,9.6469265,9.6525995,9.649763,9.651654,9.6488175,9.64409,9.6412535,9.6431445,9.6450355,9.6393625,9.6374715,9.6374715
"rep93",8.464106,8.4971985,8.494362,8.5369095,8.496253,8.556765,8.552983,8.6598245,8.719391,8.798813,8.8772895,8.9529295,9.0285695,9.0957,9.158103,9.241307,9.2592715,9.3311295,9.3576035,9.4048785,9.411497,9.4332435,9.447426,9.4691725,9.472009,9.4748455,9.5088835,9.51172,9.532521,9.558995,9.551431,9.54954,9.54954,9.5580495,9.56845,9.579796,9.5788505,9.585469,9.5977605,9.593033,9.5958695,9.5977605,9.602488,9.610052,9.6223435,9.6261255,9.628962,9.627071,9.632744,9.632744,9.6299075,9.6450355,9.6412535,9.647872,9.647872,9.64409,9.6544905,9.6507085,9.647872,9.6507085,9.653545,9.655436,9.657327,9.659218,9.6601635,9.657327,9.6563815,9.655436,9.6544905,9.657327,9.657327,9.6544905,9.6582725,9.6601635,9.661109,9.659218,9.659218,9.6620545,9.6620545,9.663,9.663,9.663,9.663,9.663,9.663,9.663,9.663,9.663,9.663,9.663,9.663,9.663,9.663,9.663,9.663,9.663,9.663,9.663,9.663,9.663
"rep94",8.486798,8.4896345,8.5066535,8.503817,8.473561,8.518945,8.5284,8.5388005,8.5577105,8.5577105,8.6503695,8.757211,8.8886355,8.942529,9.033297,9.105155,9.1439205,9.2384705,9.3008735,9.3216745,9.3557125,9.3557125,9.3897505,9.392587,9.4048785,9.419061,9.4389165,9.4408075,9.4672815,9.496592,9.509829,9.5240115,9.5107745,9.5259025,9.5296845,9.540085,9.536303,9.5637225,9.56845,9.562777,9.560886,9.5675045,9.570341,9.5580495,9.5826325,9.596815,9.604379,9.60627,9.6015425,9.602488,9.602488,9.6053245,9.6109975,9.611943,9.613834,9.617616,9.623289,9.630853,9.617616,9.62518,9.630853,9.628962,9.6336895,9.6374715,9.6374715,9.634635,9.6299075,9.628962,9.6261255,9.6280165,9.6317985,9.6336895,9.636526,9.6374715,9.630853,9.627071,9.627071,9.6280165,9.62518,9.615725,9.630853,9.6280165,9.640308,9.6431445,9.651654,9.653545,9.655436,9.649763,9.645981,9.6469265,9.6488175,9.6488175,9.651654,9.649763,9.653545,9.6507085,9.6544905,9.657327,9.6582725,9.659218
"rep95",8.477343,8.500035,8.505708,8.5009805,8.513272,8.526509,8.488689,8.507599,8.539746,8.564329,8.609713,8.685353,8.7543745,8.853652,8.9415835,8.9945315,9.0380245,9.1098825,9.165667,9.2176695,9.2743995,9.3065465,9.3122195,9.3311295,9.349094,9.3746225,9.400151,9.4218975,9.451208,9.4805185,9.4880825,9.4994285,9.494701,9.5051015,9.5088835,9.519284,9.5467035,9.540085,9.543867,9.551431,9.540085,9.5296845,9.5296845,9.51172,9.5013195,9.502265,9.5069925,9.523066,9.5296845,9.536303,9.5504855,9.538194,9.5315755,9.547649,9.5599405,9.581687,9.594924,9.5977605,9.593033,9.5958695,9.593033,9.5901965,9.5883055,9.6053245,9.6166705,9.621398,9.6223435,9.623289,9.628962,9.630853,9.6336895,9.6431445,9.64409,9.640308,9.6450355,9.645981,9.645981,9.645981,9.6412535,9.638417,9.640308,9.647872,9.64409,9.6469265,9.647872,9.6450355,9.647872,9.64409,9.6469265,9.6469265,9.645981,9.64409,9.6488175,9.640308,9.642199,9.649763,9.649763,9.6469265,9.6488175,9.6469265
"rep96",8.496253,8.511381,8.479234,8.518945,8.5161085,8.507599,8.4896345,8.4971985,8.5350185,8.496253,8.5955305,8.588912,8.6560425,8.7297915,8.832851,8.9151095,9.0039865,9.052207,9.0928635,9.158103,9.2384705,9.2914185,9.320729,9.34153,9.3670585,9.402042,9.4483715,9.4540445,9.4899735,9.4994285,9.513611,9.5069925,9.5032105,9.506047,9.494701,9.4994285,9.49281,9.496592,9.490919,9.4956465,9.5145565,9.502265,9.490919,9.504156,9.521175,9.523066,9.523066,9.5410305,9.5448125,9.560886,9.5750685,9.58736,9.58736,9.5958695,9.6072155,9.602488,9.610052,9.6147795,9.610052,9.6072155,9.60627,9.6091065,9.602488,9.6091065,9.6072155,9.6072155,9.6204525,9.628962,9.6336895,9.6355805,9.6412535,9.640308,9.6393625,9.6374715,9.636526,9.6336895,9.634635,9.6355805,9.6374715,9.628962,9.6317985,9.634635,9.6431445,9.642199,9.6393625,9.642199,9.6412535,9.6412535,9.6280165,9.6242345,9.630853,9.636526,9.630853,9.6204525,9.6223435,9.6147795,9.6166705,9.62518,9.6204525,9.6185615
"rep97",8.4688335,8.4896345,8.4801795,8.494362,8.50949,8.558656,8.5652745,8.592694,8.691026,8.7600475,8.827178,8.917946,9.0058775,9.107046,9.156212,9.197814,9.292364,9.3330205,9.400151,9.405824,9.4105515,9.4389165,9.430407,9.434189,9.460663,9.4672815,9.485246,9.5032105,9.5277935,9.5429215,9.5504855,9.5448125,9.5561585,9.540085,9.538194,9.5448125,9.5391395,9.557104,9.5448125,9.538194,9.5467035,9.5618315,9.562777,9.562777,9.5599405,9.5675045,9.576014,9.579796,9.5901965,9.594924,9.5920875,9.5901965,9.594924,9.6015425,9.594924,9.5996515,9.5939785,9.611943,9.610052,9.6204525,9.6185615,9.617616,9.630853,9.628962,9.62518,9.6185615,9.621398,9.6185615,9.6072155,9.6091065,9.6166705,9.611943,9.6204525,9.6185615,9.617616,9.617616,9.6223435,9.632744,9.640308,9.638417,9.627071,9.630853,9.619507,9.6109975,9.598706,9.6034335,9.5958695,9.602488,9.602488,9.598706,9.6015425,9.604379,9.615725,9.630853,9.634635,9.6204525,9.6204525,9.627071,9.6299075,9.628962
"rep98",8.4820705,8.517054,8.4877435,8.4953075,8.486798,8.4707245,8.513272,8.486798,8.4574875,8.496253,8.534073,8.4763975,8.5955305,8.5577105,8.668334,8.658879,8.762884,8.789358,8.904709,9.006823,9.090027,9.1855225,9.241307,9.298037,9.364222,9.4200065,9.460663,9.460663,9.475791,9.502265,9.4767365,9.475791,9.483355,9.4691725,9.507938,9.517393,9.543867,9.5467035,9.54954,9.5504855,9.54954,9.5410305,9.562777,9.5523765,9.5523765,9.5504855,9.5561585,9.574123,9.5788505,9.5845235,9.572232,9.581687,9.5826325,9.5807415,9.602488,9.613834,9.627071,9.619507,9.6185615,9.611943,9.611943,9.615725,9.617616,9.610052,9.60627,9.600597,9.60627,9.6204525,9.619507,9.617616,9.627071,9.623289,9.628962,9.621398,9.6317985,9.630853,9.6393625,9.6393625,9.634635,9.6450355,9.6450355,9.6469265,9.6544905,9.655436,9.6525995,9.6544905,9.653545,9.653545,9.655436,9.657327,9.659218,9.661109,9.659218,9.659218,9.6582725,9.659218,9.661109,9.6601635,9.661109,9.6601635
"rep99",8.462215,8.4688335,8.481125,8.501926,8.5198905,8.4896345,8.5596015,8.5444735,8.643751,8.692917,8.7921945,8.895254,8.984131,9.069226,9.1231195,9.1703945,9.224288,9.2857455,9.337748,9.375568,9.3859685,9.419061,9.422843,9.45499,9.4786275,9.4899735,9.509829,9.536303,9.553322,9.5618315,9.5637225,9.5769595,9.5901965,9.600597,9.604379,9.602488,9.5996515,9.6109975,9.610052,9.615725,9.62518,9.6242345,9.6128885,9.6204525,9.615725,9.621398,9.6185615,9.6204525,9.621398,9.638417,9.638417,9.6374715,9.64409,9.6336895,9.647872,9.645981,9.6507085,9.6525995,9.6525995,9.651654,9.653545,9.651654,9.653545,9.6544905,9.649763,9.64409,9.6431445,9.6525995,9.6544905,9.6525995,9.659218,9.6563815,9.6563815,9.655436,9.655436,9.6544905,9.6507085,9.647872,9.6431445,9.6469265,9.653545,9.6525995,9.653545,9.6563815,9.657327,9.657327,9.661109,9.6601635,9.659218,9.661109,9.663,9.663,9.663,9.663,9.663,9.663,9.663,9.663,9.663,9.663
"rep100",8.4763975,8.484907,8.5274545,8.4745065,8.505708,8.517054,8.5284,8.534073,8.609713,8.715609,8.7316825,8.778012,8.844197,8.936856,8.989804,9.078681,9.199705,9.2384705,9.2848,9.305601,9.343421,9.3897505,9.4143335,9.4426985,9.445535,9.4559355,9.4502625,9.4956465,9.4918645,9.5164475,9.528739,9.524957,9.536303,9.555213,9.5523765,9.5618315,9.5448125,9.54954,9.540085,9.551431,9.58736,9.5693955,9.5845235,9.583578,9.5807415,9.576014,9.5845235,9.58736,9.5826325,9.5826325,9.598706,9.600597,9.5958695,9.611943,9.611943,9.6185615,9.621398,9.619507,9.6261255,9.623289,9.6223435,9.615725,9.6223435,9.621398,9.6128885,9.6147795,9.613834,9.6261255,9.6147795,9.615725,9.60627,9.6223435,9.62518,9.628962,9.623289,9.619507,9.6204525,9.628962,9.636526,9.636526,9.6374715,9.640308,9.642199,9.6431445,9.634635,9.638417,9.6469265,9.6488175,9.6488175,9.6488175,9.649763,9.6431445,9.632744,9.6393625,9.6412535,9.638417,9.632744,9.6317985,9.6336895,9.6355805
